ID,VendorID,tpep_pickup_datetime,tpep_dropoff_datetime,passenger_count,trip_distance,pickup_longitude,pickup_latitude,RatecodeID,store_and_fwd_flag,dropoff_longitude,dropoff_latitude,payment_type,fare_amount,extra,mta_tax,tip_amount,tolls_amount,improvement_surcharge,total_amount
1,2,2016-01-01 00:00:00,2016-01-01 00:00:00,2,1.1,-73.99037170410156,40.73469543457031,1,N,-73.98184204101561,40.73240661621094,2,7.5,0.5,0.5,0.0,0.0,0.3,8.8
2,2,2016-01-01 00:00:00,2016-01-01 00:00:00,5,4.9,-73.98078155517578,40.72991180419922,1,N,-73.94447326660156,40.716678619384766,1,18.0,0.5,0.5,0.0,0.0,0.3,19.3
3,2,2016-01-01 00:00:00,2016-01-01 00:00:00,1,10.54,-73.98455047607422,40.6795654296875,1,N,-73.95027160644531,40.78892517089844,1,33.0,0.5,0.5,0.0,0.0,0.3,34.3
4,2,2016-01-01 00:00:00,2016-01-01 00:00:00,1,4.75,-73.99346923828125,40.71899032592773,1,N,-73.96224212646483,40.65733337402344,2,16.5,0.0,0.5,0.0,0.0,0.3,17.3
5,2,2016-01-01 00:00:00,2016-01-01 00:00:00,3,1.76,-73.96062469482422,40.78133010864258,1,N,-73.97726440429686,40.75851440429688,2,8.0,0.0,0.5,0.0,0.0,0.3,8.8
6,2,2016-01-01 00:00:00,2016-01-01 00:18:30,2,5.52,-73.98011779785155,40.74304962158203,1,N,-73.91349029541014,40.76314163208008,2,19.0,0.5,0.5,0.0,0.0,0.3,20.3
7,2,2016-01-01 00:00:00,2016-01-01 00:26:45,2,7.45,-73.99405670166014,40.71998977661133,1,N,-73.96636199951173,40.78987121582031,2,26.0,0.5,0.5,0.0,0.0,0.3,27.3
8,1,2016-01-01 00:00:01,2016-01-01 00:11:55,1,1.2,-73.97942352294923,40.74461364746094,1,N,-73.99203491210938,40.753944396972656,2,9.0,0.5,0.5,0.0,0.0,0.3,10.3
9,1,2016-01-01 00:00:02,2016-01-01 00:11:14,1,6.0,-73.94715118408203,40.791046142578125,1,N,-73.92076873779298,40.86557769775391,2,18.0,0.5,0.5,0.0,0.0,0.3,19.3
10,2,2016-01-01 00:00:02,2016-01-01 00:11:08,1,3.21,-73.99834442138672,40.72389602661133,1,N,-73.995849609375,40.68840026855469,2,11.5,0.5,0.5,0.0,0.0,0.3,12.8
11,2,2016-01-01 00:00:03,2016-01-01 00:06:19,1,0.79,-74.00614929199219,40.74491882324219,1,N,-73.9937973022461,40.74143981933594,2,6.0,0.5,0.5,0.0,0.0,0.3,7.3
12,2,2016-01-01 00:00:03,2016-01-01 00:15:49,6,2.43,-73.96932983398438,40.763538360595696,1,N,-73.99568939208984,40.7442512512207,1,12.0,0.5,0.5,3.99,0.0,0.3,17.29
13,2,2016-01-01 00:00:03,2016-01-01 00:00:11,4,0.01,-73.98902130126953,40.721538543701165,1,N,-73.98896026611328,40.72169876098633,2,2.5,0.5,0.5,0.0,0.0,0.3,3.8
14,1,2016-01-01 00:00:04,2016-01-01 00:14:32,1,3.7,-74.00430297851561,40.74224090576172,1,N,-74.00736236572266,40.70693588256836,1,14.0,0.5,0.5,3.05,0.0,0.3,18.35
15,1,2016-01-01 00:00:05,2016-01-01 00:14:27,2,2.2,-73.99199676513672,40.71857833862305,1,N,-74.00513458251953,40.739944458007805,1,11.0,0.5,0.5,1.5,0.0,0.3,13.8
16,2,2016-01-01 00:00:05,2016-01-01 00:07:17,1,0.54,-73.98516082763672,40.768951416015625,1,N,-73.99022674560547,40.7617301940918,2,6.0,0.5,0.5,0.0,0.0,0.3,7.3
17,2,2016-01-01 00:00:05,2016-01-01 00:07:14,1,1.92,-73.97309112548828,40.79536056518555,1,N,-73.9783706665039,40.77315139770508,2,7.5,0.5,0.5,0.0,0.0,0.3,8.8
18,1,2016-01-01 00:00:06,2016-01-01 00:04:44,1,1.7,-73.9821014404297,40.774696350097656,1,Y,-73.97093963623048,40.79670715332031,1,7.0,0.5,0.5,1.65,0.0,0.3,9.95
19,2,2016-01-01 00:00:06,2016-01-01 00:07:14,1,1.38,-73.99484252929686,40.71849822998047,1,N,-73.98980712890625,40.73423004150391,1,7.0,0.5,0.5,1.66,0.0,0.3,9.96
20,1,2016-01-01 00:00:07,2016-01-01 00:20:35,2,4.9,-73.95303344726561,40.67211532592773,1,N,-73.986572265625,40.710594177246094,1,19.0,0.5,0.5,4.06,0.0,0.3,24.36
21,1,2016-01-01 00:00:07,2016-01-01 00:09:49,1,1.8,-73.98916625976561,40.72658920288086,1,N,-74.00948333740233,40.71507263183594,2,9.0,0.5,0.5,0.0,0.0,0.3,10.3
22,2,2016-01-01 00:00:08,2016-01-01 00:18:51,1,3.09,-73.9990692138672,40.72017288208008,1,N,-73.973388671875,40.75656127929688,2,14.5,0.5,0.5,0.0,0.0,0.3,15.8
23,2,2016-01-01 00:00:08,2016-01-01 00:04:37,1,0.72,-73.99713897705078,40.74721908569336,1,N,-74.00448608398438,40.7517967224121,2,5.0,0.5,0.5,0.0,0.0,0.3,6.3
24,2,2016-01-01 00:00:08,2016-01-01 00:03:24,1,0.69,-73.9974136352539,40.736675262451165,1,N,-73.98566436767578,40.73268127441406,2,4.5,0.5,0.5,0.0,0.0,0.3,5.8
25,1,2016-01-01 00:00:09,2016-01-01 00:19:03,3,5.3,-73.99713134765625,40.736961364746094,1,N,-73.92842102050781,40.75558090209961,1,18.0,0.5,0.5,3.85,0.0,0.3,23.15
26,1,2016-01-01 00:00:09,2016-01-01 00:07:18,2,1.2,-73.9639129638672,40.71217346191406,1,N,-73.95133209228516,40.71220016479492,2,7.0,0.5,0.5,0.0,0.0,0.3,8.3
27,2,2016-01-01 00:00:10,2016-01-01 00:06:15,2,0.97,-73.99939727783203,40.743900299072266,1,N,-73.98887634277344,40.74531936645508,2,6.0,0.5,0.5,0.0,0.0,0.3,7.3
28,2,2016-01-01 00:00:10,2016-01-01 00:02:20,1,0.87,-73.95440673828125,40.77806854248047,1,N,-73.94892883300781,40.78858184814453,2,4.5,0.5,0.5,0.0,0.0,0.3,5.8
29,2,2016-01-01 00:00:12,2016-01-01 00:01:17,1,0.13,-73.99165344238281,40.754558563232415,1,N,-73.9906005859375,40.75611877441406,2,3.0,0.5,0.5,0.0,0.0,0.3,4.3
30,1,2016-01-01 00:00:14,2016-01-01 00:13:02,1,2.4,-73.99559783935547,40.744239807128906,1,N,-73.98545837402342,40.76871109008789,1,11.0,0.5,0.5,3.05,0.0,0.3,15.35
31,2,2016-01-01 00:00:14,2016-01-01 00:02:38,2,0.44,-73.99027252197266,40.772010803222656,1,N,-73.99504089355469,40.76977157592773,1,4.0,0.5,0.5,1.06,0.0,0.3,6.36
32,2,2016-01-01 00:00:15,2016-01-01 00:06:31,1,1.56,-73.94010925292967,40.75115203857422,1,N,-73.93002319335938,40.767051696777344,2,7.5,0.5,0.5,0.0,0.0,0.3,8.8
33,1,2016-01-01 00:00:16,2016-01-01 00:33:00,2,2.9,-73.98215484619139,40.774879455566406,1,N,-73.98136138916014,40.74411392211913,2,20.5,0.5,0.5,0.0,0.0,0.3,21.8
34,1,2016-01-01 00:00:17,2016-01-01 00:19:14,1,1.2,-74.00806427001953,40.742069244384766,1,N,-74.00228881835938,40.742164611816406,3,12.5,0.5,0.5,0.0,0.0,0.3,13.8
35,1,2016-01-01 00:00:17,2016-01-01 00:13:59,1,1.5,-74.00267791748048,40.73063659667969,1,N,-73.98042297363281,40.72621154785156,1,10.0,0.5,0.5,3.35,0.0,0.3,14.65
36,2,2016-01-01 00:00:17,2016-01-01 00:42:23,1,2.32,-73.98165893554686,40.773738861083984,1,N,-73.99596405029298,40.75383758544922,2,19.0,0.5,0.5,0.0,0.0,0.3,20.3
37,2,2016-01-01 00:00:17,2016-01-01 00:14:26,5,9.63,-73.98174285888672,40.71915817260742,1,N,-73.93882751464845,40.82918167114258,1,27.0,0.5,0.5,8.49,0.0,0.3,36.79
38,2,2016-01-01 00:00:18,2016-01-01 00:05:44,5,1.17,-73.96305847167967,40.77501678466797,1,N,-73.95174407958984,40.77880096435546,2,6.0,0.5,0.5,0.0,0.0,0.3,7.3
39,1,2016-01-01 00:00:19,2016-01-01 00:19:33,1,3.4,0.0,0.0,1,N,0.0,0.0,2,14.5,0.5,0.5,0.0,0.0,0.3,15.8
40,2,2016-01-01 00:00:19,2016-01-01 00:06:31,3,1.32,-73.9612579345703,40.796199798583984,1,N,-73.9500503540039,40.78731155395508,2,6.5,0.5,0.5,0.0,0.0,0.3,7.8
41,1,2016-01-01 00:00:20,2016-01-01 00:29:05,1,13.0,-73.98223876953125,40.7577018737793,1,N,-73.90930938720702,40.8620491027832,2,36.5,0.5,0.5,0.0,0.0,0.3,37.8
42,1,2016-01-01 00:00:21,2016-01-01 00:17:30,1,0.7,-73.89412689208984,40.63657379150391,1,Y,-73.89250183105469,40.63483428955078,2,11.0,0.5,0.5,0.0,0.0,0.3,12.3
43,1,2016-01-01 00:00:21,2016-01-01 00:32:09,1,5.4,-73.94641876220702,40.78913879394531,1,N,-73.91590118408203,40.85154724121094,2,24.5,0.5,0.5,0.0,0.0,0.3,25.8
44,2,2016-01-01 00:00:22,2016-01-01 00:12:12,1,3.3,-73.97567749023438,40.74909973144531,1,N,-73.97364807128906,40.78369140625,1,12.0,0.5,0.5,2.66,0.0,0.3,15.96
45,2,2016-01-01 00:00:22,2016-01-01 00:13:37,6,2.94,-73.94969177246092,40.78461837768555,1,N,-73.97103118896483,40.75101852416992,2,12.0,0.5,0.5,0.0,0.0,0.3,13.3
46,2,2016-01-01 00:00:22,2016-01-01 00:13:58,2,5.23,-73.98184967041014,40.71688079833984,1,N,-73.96932983398438,40.769378662109375,2,17.5,0.5,0.5,0.0,0.0,0.3,18.8
47,1,2016-01-01 00:00:26,2016-01-01 00:07:41,1,1.3,-73.96588134765625,40.68856430053711,1,N,-73.96269226074217,40.67192840576172,1,7.5,0.5,0.5,1.75,0.0,0.3,10.55
48,1,2016-01-01 00:00:27,2016-01-01 00:17:41,1,4.7,-73.99586486816406,40.767772674560554,1,N,-74.00960540771484,40.70992660522461,1,17.0,0.5,0.5,2.0,0.0,0.3,20.3
49,2,2016-01-01 00:00:27,2016-01-01 00:08:40,1,0.83,-73.97876739501953,40.7451057434082,1,N,-73.99221038818358,40.74930953979492,2,7.0,0.5,0.5,0.0,0.0,0.3,8.3
50,1,2016-01-01 00:00:28,2016-01-01 00:22:51,1,15.4,-73.97650146484375,40.733562469482415,1,N,-73.85426330566406,40.891788482666016,1,41.5,0.5,0.5,8.55,0.0,0.3,51.35
51,2,2016-01-01 00:00:29,2016-01-01 00:08:45,3,1.64,-73.96937561035155,40.78523635864258,1,N,-73.94556427001953,40.77798080444336,1,8.5,0.5,0.5,0.0,0.0,0.3,9.8
52,1,2016-01-01 00:00:30,2016-01-01 00:15:47,1,5.1,-73.99058532714845,40.745880126953125,1,N,-73.96988677978516,40.801265716552734,1,17.5,0.5,0.5,2.82,0.0,0.3,21.62
53,2,2016-01-01 00:00:30,2016-01-01 00:18:25,1,1.1,-73.97434234619139,40.756660461425774,1,N,-73.98148345947266,40.75371551513672,2,11.5,0.5,0.5,0.0,0.0,0.3,12.8
54,2,2016-01-01 00:00:30,2016-01-01 00:03:06,1,0.35,-73.99234771728516,40.743438720703125,1,N,-73.99642181396483,40.74606323242188,1,4.0,0.5,0.5,1.59,0.0,0.3,6.89
55,1,2016-01-01 00:00:31,2016-01-01 00:03:57,1,1.3,-73.93352508544923,40.802928924560554,1,N,-73.94567108154298,40.78598403930664,2,5.5,0.5,0.5,0.0,0.0,0.3,6.8
56,2,2016-01-01 00:00:32,2016-01-01 00:27:02,5,7.25,-73.97295379638672,40.755718231201165,1,N,-73.97881317138672,40.68455123901367,2,26.0,0.5,0.5,0.0,0.0,0.3,27.3
57,2,2016-01-01 00:00:32,2016-01-01 00:13:20,5,3.6,-73.9969482421875,40.72050094604492,1,N,-73.95818328857422,40.7217903137207,1,13.5,0.5,0.5,2.96,0.0,0.3,17.76
58,2,2016-01-01 00:00:32,2016-01-01 00:09:37,6,0.32,-73.99375915527344,40.75162124633789,1,N,-73.9908676147461,40.75608825683594,1,7.0,0.5,0.5,0.0,0.0,0.3,8.3
59,1,2016-01-01 00:00:34,2016-01-01 00:10:36,1,3.7,-73.97831726074217,40.763179779052734,1,N,-73.92160797119139,40.741374969482415,1,13.0,0.5,0.5,5.7,0.0,0.3,20.0
60,2,2016-01-01 00:00:36,2016-01-01 00:10:02,1,1.61,-73.96375274658203,40.771160125732415,1,N,-73.97560119628906,40.75273895263672,2,8.5,0.5,0.5,0.0,0.0,0.3,9.8
61,1,2016-01-01 00:00:37,2016-01-01 00:06:01,1,1.2,-73.97602081298828,40.74456024169922,1,N,-73.96649169921875,40.753662109375,1,6.5,0.5,0.5,2.3,0.0,0.3,10.1
62,1,2016-01-01 00:00:38,2016-01-01 00:17:25,1,8.8,-73.97679138183594,40.733699798583984,1,N,-73.89214324951173,40.75072479248047,1,26.0,0.5,0.5,5.45,0.0,0.3,32.75
63,2,2016-01-01 00:00:38,2016-01-01 00:34:04,1,14.04,-73.98428344726561,40.7480583190918,1,N,-73.9920883178711,40.60917663574219,2,42.0,0.5,0.5,0.0,0.0,0.3,43.3
64,1,2016-01-01 00:00:39,2016-01-01 00:08:41,1,2.2,-73.9698715209961,40.768508911132805,1,N,-73.94934844970702,40.78776550292969,2,9.0,0.5,0.5,0.0,0.0,0.3,10.3
65,1,2016-01-01 00:00:40,2016-01-01 00:14:03,1,4.3,-73.96617889404298,40.762222290039055,1,N,-73.89775848388672,40.743141174316406,2,15.5,0.5,0.5,0.0,0.0,0.3,16.8
66,1,2016-01-01 00:00:40,2016-01-01 00:11:05,2,1.3,-74.00437927246092,40.74225234985352,1,N,-73.98422241210938,40.73819732666016,1,8.5,0.5,0.5,1.0,0.0,0.3,10.8
67,2,2016-01-01 00:00:40,2016-01-01 00:07:33,1,1.03,-73.9913330078125,40.72389221191406,1,N,-73.98368835449217,40.72151565551758,2,6.5,0.5,0.5,0.0,0.0,0.3,7.8
68,2,2016-01-01 00:00:41,2016-01-01 00:00:46,5,0.0,0.0,0.0,3,N,0.0,0.0,2,20.0,0.5,0.0,0.0,0.0,0.3,20.8
69,2,2016-01-01 00:00:44,2016-01-01 00:05:15,1,1.1,-73.97415924072266,40.79573059082031,1,N,-73.96251678466798,40.804931640625,1,6.0,0.5,0.5,1.0,0.0,0.3,8.3
70,2,2016-01-01 00:00:45,2016-01-01 00:09:17,6,1.85,-73.99420166015625,40.726470947265625,1,N,-74.01474761962889,40.71620178222656,2,8.5,0.5,0.5,0.0,0.0,0.3,9.8
71,2,2016-01-01 00:00:47,2016-01-01 00:12:38,1,1.43,-73.98963928222656,40.7343978881836,1,N,-73.97879028320312,40.72411346435546,2,7.5,0.5,0.5,0.0,0.0,0.3,8.8
72,2,2016-01-01 00:00:47,2016-01-01 00:18:25,1,4.93,-74.00148010253906,40.72743988037109,1,N,-73.95645141601561,40.76815032958984,1,17.5,0.5,0.5,3.76,0.0,0.3,22.56
73,1,2016-01-01 00:00:48,2016-01-01 00:03:38,1,0.8,-73.97915649414062,40.740509033203125,1,N,-73.988525390625,40.73464584350586,1,4.5,0.5,0.5,1.45,0.0,0.3,7.25
74,1,2016-01-01 00:00:49,2016-01-01 00:13:15,2,8.7,-73.95392608642578,40.76694488525391,1,N,-73.9244613647461,40.86139297485352,1,25.0,0.5,0.5,0.0,0.0,0.3,26.3
75,2,2016-01-01 00:00:49,2016-01-01 00:09:01,1,1.22,-73.98213958740233,40.77168655395508,1,N,-73.97445678710938,40.76248550415039,2,7.5,0.5,0.5,0.0,0.0,0.3,8.8
76,2,2016-01-01 00:00:50,2016-01-01 00:19:47,2,11.87,-73.78082275390625,40.645183563232415,1,N,-73.8908462524414,40.7430076599121,1,33.0,0.5,0.5,8.58,0.0,0.3,42.88
77,2,2016-01-01 00:00:50,2016-01-01 00:06:29,6,0.72,-73.99739837646483,40.720748901367195,1,N,-73.99918365478516,40.7279052734375,1,5.5,0.5,0.5,1.36,0.0,0.3,8.16
78,1,2016-01-01 00:00:52,2016-01-01 00:29:50,2,3.1,-73.98404693603516,40.755279541015625,1,N,-73.99514770507811,40.72063446044922,1,19.5,0.5,0.5,4.15,0.0,0.3,24.95
79,1,2016-01-01 00:00:52,2016-01-01 00:08:00,3,1.8,-73.98387145996092,40.742408752441406,1,N,-74.00236511230467,40.726348876953125,2,8.0,0.5,0.5,0.0,0.0,0.3,9.3
80,2,2016-01-01 00:00:52,2016-01-01 00:11:18,1,2.5,-73.9957504272461,40.74409103393555,1,N,-74.00975036621092,40.71276092529297,2,10.5,0.5,0.5,0.0,0.0,0.3,11.8
81,1,2016-01-01 00:00:53,2016-01-01 00:22:27,1,4.9,-73.98508453369139,40.74716567993164,1,N,-73.95803833007811,40.71749114990234,1,19.0,0.5,0.5,1.7,0.0,0.3,22.0
82,2,2016-01-01 00:00:54,2016-01-01 00:08:43,1,1.53,-73.97100067138672,40.79764175415039,1,N,-73.95369720458984,40.78512954711913,1,8.0,0.5,0.5,1.86,0.0,0.3,11.16
83,1,2016-01-01 00:00:55,2016-01-01 00:17:14,1,1.1,-73.9841537475586,40.76485824584961,1,N,-73.97802734375,40.76293563842773,2,11.0,0.5,0.5,0.0,0.0,0.3,12.3
84,2,2016-01-01 00:00:55,2016-01-01 00:28:34,4,15.64,-73.78713989257811,40.64405059814453,1,N,-73.94842529296875,40.730735778808594,2,44.0,0.5,0.5,0.0,0.0,0.3,45.3
85,1,2016-01-01 00:00:56,2016-01-01 00:17:24,1,5.7,-73.98772430419923,40.75056838989258,1,N,-74.03556823730467,40.713573455810554,1,18.0,0.5,0.5,8.0,10.5,0.3,37.8
86,2,2016-01-01 00:00:57,2016-01-01 00:10:48,6,2.56,-73.97965240478516,40.77611923217773,1,N,-73.96468353271484,40.80675506591797,1,10.5,0.5,0.5,2.36,0.0,0.3,14.16
87,2,2016-01-01 00:01:00,2016-01-01 00:18:06,3,15.25,-73.78180694580078,40.6448631286621,1,N,-73.93797302246092,40.72632598876953,1,40.5,0.5,0.5,0.0,0.0,0.3,41.8
88,2,2016-01-01 00:01:01,2016-01-01 00:07:49,5,1.65,-73.96527862548828,40.80104064941406,1,N,-73.94747924804686,40.81517028808594,2,7.5,0.5,0.5,0.0,0.0,0.3,8.8
89,2,2016-01-01 00:01:01,2016-01-01 00:13:08,6,7.85,-73.97962951660156,40.743255615234375,1,N,-73.91187286376953,40.76462936401367,1,22.5,0.5,0.5,5.87,5.54,0.3,35.21
90,2,2016-01-01 00:01:03,2016-01-01 00:20:29,2,1.28,-73.9844207763672,40.76723861694336,1,N,-73.97859954833984,40.754261016845696,2,11.5,0.5,0.5,0.0,0.0,0.3,12.8
91,2,2016-01-01 00:01:06,2016-01-01 00:26:34,1,3.18,-74.01099395751953,40.7088737487793,1,N,-73.98805236816406,40.74932098388672,2,17.0,0.5,0.5,0.0,0.0,0.3,18.3
92,2,2016-01-01 00:01:06,2016-01-01 00:04:38,1,0.56,-73.98074340820312,40.74691009521485,1,N,-73.9908676147461,40.75115966796875,2,4.5,0.5,0.5,0.0,0.0,0.3,5.8
93,2,2016-01-01 00:01:07,2016-01-01 00:05:04,2,0.94,-73.99197387695312,40.72647857666016,1,N,-74.00308227539062,40.722049713134766,2,5.0,0.5,0.5,0.0,0.0,0.3,6.3
94,1,2016-01-01 00:01:08,2016-01-01 00:19:36,1,3.2,-74.00213623046875,40.760639190673835,1,N,-73.97289276123048,40.74345016479492,1,14.5,0.5,0.5,3.15,0.0,0.3,18.95
95,1,2016-01-01 00:01:08,2016-01-01 00:17:13,1,2.7,-73.9949722290039,40.76023483276367,1,N,-74.00152587890625,40.735855102539055,1,13.0,0.5,0.5,4.25,0.0,0.3,18.55
96,1,2016-01-01 00:01:08,2016-01-01 00:23:22,1,5.0,-74.00226593017578,40.73036956787109,1,N,-73.95168304443358,40.77349853515625,1,19.5,0.5,0.5,4.5,0.0,0.3,25.3
97,1,2016-01-01 00:01:09,2016-01-01 00:06:37,2,1.6,-73.98082733154298,40.77964019775391,1,N,-73.97141265869139,40.798587799072266,1,6.5,0.5,0.5,1.55,0.0,0.3,9.35
98,2,2016-01-01 00:01:09,2016-01-01 00:05:23,1,0.58,-73.99807739257811,40.73796844482422,1,N,-74.0041275024414,40.74279022216797,1,5.0,0.5,0.5,1.26,0.0,0.3,7.56
99,1,2016-01-01 00:01:10,2016-01-01 00:36:55,2,6.0,-73.99944305419923,40.72983551025391,1,N,-73.96417999267578,40.80315399169922,1,25.5,0.5,0.5,5.36,0.0,0.3,32.16
100,2,2016-01-01 00:01:10,2016-01-01 00:08:00,5,2.51,-73.93270874023438,40.75286102294922,1,N,-73.96361541748048,40.75764083862305,2,9.5,0.5,0.5,0.0,0.0,0.3,10.8
101,2,2016-01-01 00:01:10,2016-01-01 00:24:39,4,1.24,-73.981689453125,40.76839065551758,1,N,-73.97975158691406,40.75553894042969,2,14.5,0.5,0.5,0.0,0.0,0.3,15.8
102,1,2016-01-01 00:01:11,2016-01-01 00:08:06,1,1.5,-74.00348663330078,40.74156951904297,1,N,-74.00235748291014,40.726341247558594,1,7.5,0.5,0.5,2.2,0.0,0.3,11.0
103,1,2016-01-01 00:01:11,2016-01-01 00:07:04,2,1.4,-73.97794342041014,40.78367614746094,1,N,-73.95558929443358,40.77344131469727,1,7.0,0.5,0.5,2.45,0.0,0.3,10.75
104,2,2016-01-01 00:01:11,2016-01-01 00:11:15,1,1.89,-73.99256896972656,40.73961639404297,1,N,-73.99531555175781,40.72181701660156,2,9.0,0.5,0.5,0.0,0.0,0.3,10.3
105,2,2016-01-01 00:01:12,2016-01-01 00:18:49,1,2.15,-73.9777603149414,40.75228118896485,1,N,-73.95682525634764,40.76807022094727,1,13.0,0.5,0.5,2.86,0.0,0.3,17.16
106,1,2016-01-01 00:01:13,2016-01-01 00:22:09,1,2.5,-73.99425506591797,40.73199462890625,1,N,-73.9786376953125,40.75138854980469,2,14.5,0.5,0.5,0.0,0.0,0.3,15.8
107,2,2016-01-01 00:01:13,2016-01-01 00:09:57,5,1.89,-73.98516082763672,40.74452972412109,1,N,-73.96546173095702,40.76285171508789,1,8.5,0.5,0.5,1.0,0.0,0.3,10.8
108,1,2016-01-01 00:01:14,2016-01-01 00:05:54,1,0.6,-73.98229217529298,40.751331329345696,1,N,-73.99134063720702,40.75033950805664,1,5.0,0.5,0.5,0.0,0.0,0.3,6.3
109,1,2016-01-01 00:01:14,2016-01-01 00:38:19,1,24.0,-73.99230194091797,40.749290466308594,5,N,-74.32032775878906,40.72052383422852,1,140.0,0.0,0.0,30.95,14.5,0.3,185.75
110,2,2016-01-01 00:01:14,2016-01-01 00:09:01,1,2.34,-73.93431854248048,40.75148391723633,1,N,-73.9725112915039,40.764915466308594,2,9.5,0.5,0.5,0.0,0.0,0.3,10.8
111,2,2016-01-01 00:01:14,2016-01-01 00:31:34,1,13.64,-73.78192138671875,40.64476013183594,1,N,-73.979248046875,40.661869049072266,2,39.0,0.5,0.5,0.0,0.0,0.3,40.3
112,2,2016-01-01 00:01:15,2016-01-01 00:34:37,5,3.44,-73.95953369140625,40.782745361328125,1,N,-73.99375915527344,40.745582580566406,2,21.5,0.5,0.5,0.0,0.0,0.3,22.8
113,2,2016-01-01 00:01:15,2016-01-01 00:13:15,1,7.04,-73.95264434814453,40.77649688720703,1,N,-74.0056381225586,40.70912170410156,1,20.5,0.5,0.5,5.45,0.0,0.3,27.25
114,1,2016-01-01 00:01:16,2016-01-01 00:03:52,1,0.2,-73.99561309814453,40.7646713256836,1,N,-73.99214935302734,40.7641487121582,2,3.5,0.5,0.5,0.0,0.0,0.3,4.8
115,1,2016-01-01 00:01:16,2016-01-01 00:13:16,1,0.9,-73.97743225097656,40.758316040039055,1,N,-73.9834442138672,40.76686096191406,2,8.5,0.5,0.5,0.0,0.0,0.3,9.8
116,1,2016-01-01 00:01:17,2016-01-01 00:11:08,1,2.0,-73.92774200439453,40.697872161865234,1,N,-73.96121215820312,40.69827651977539,1,9.5,0.5,0.5,2.7,0.0,0.3,13.5
117,1,2016-01-01 00:01:19,2016-01-01 00:03:00,1,0.3,-73.96659088134764,40.75758743286133,1,N,-73.96577453613281,40.754348754882805,1,3.5,0.5,0.5,1.2,0.0,0.3,6.0
118,1,2016-01-01 00:01:19,2016-01-01 00:15:00,1,1.8,-73.95474243164062,40.765506744384766,1,N,-73.98191833496092,40.766231536865234,1,10.5,0.5,0.5,0.0,0.0,0.3,11.8
119,2,2016-01-01 00:01:19,2016-01-01 00:03:12,2,0.37,-73.99769592285155,40.737659454345696,1,N,-73.99124145507811,40.734981536865234,2,3.5,0.5,0.5,0.0,0.0,0.3,4.8
120,1,2016-01-01 00:01:20,2016-01-01 00:07:24,2,1.0,-73.9675521850586,40.7568588256836,1,N,-73.97830963134764,40.74861145019531,1,6.0,0.5,0.5,1.45,0.0,0.3,8.75
121,1,2016-01-01 00:01:20,2016-01-01 00:14:39,1,5.1,-73.9646987915039,40.79679870605469,1,N,-74.00220489501953,40.74923706054688,2,17.0,0.5,0.5,0.0,0.0,0.3,18.3
122,1,2016-01-01 00:01:20,2016-01-01 00:13:36,1,1.8,-73.97010803222656,40.75979995727539,1,N,-73.98935699462889,40.742988586425774,1,9.5,0.5,0.5,2.0,0.0,0.3,12.8
123,2,2016-01-01 00:01:21,2016-01-01 00:12:57,1,2.25,-74.00189971923827,40.73940658569336,1,N,-73.97486877441406,40.744388580322266,1,10.5,0.5,0.5,2.36,0.0,0.3,14.16
124,2,2016-01-01 00:01:21,2016-01-01 00:06:40,1,0.87,-73.9552230834961,40.80437850952149,1,N,-73.9636993408203,40.79800033569336,2,5.5,0.5,0.5,0.0,0.0,0.3,6.8
125,2,2016-01-01 00:01:21,2016-01-01 00:27:41,6,8.78,-73.99662780761719,40.72460174560546,1,N,-73.86997985839844,40.75529098510742,2,27.0,0.5,0.5,0.0,0.0,0.3,28.3
126,1,2016-01-01 00:01:22,2016-01-01 00:10:04,1,1.6,-74.00466918945312,40.71595764160156,1,N,-73.98986053466798,40.73404312133789,2,8.0,0.5,0.5,0.0,0.0,0.3,9.3
127,2,2016-01-01 00:01:22,2016-01-01 00:09:25,1,1.67,-73.94828033447266,40.78263092041016,1,N,-73.93846130371094,40.79228973388672,1,8.0,0.5,0.5,1.86,0.0,0.3,11.16
128,2,2016-01-01 00:01:23,2016-01-01 00:09:22,1,1.11,-73.99861145019531,40.7381706237793,1,N,-73.99459075927734,40.75054931640625,1,7.0,0.5,0.5,1.66,0.0,0.3,9.96
129,1,2016-01-01 00:01:24,2016-01-01 00:23:19,2,6.5,-73.97226715087889,40.759864807128906,1,N,-73.87660217285155,40.74866485595703,2,22.5,0.5,0.5,0.0,0.0,0.3,23.8
130,1,2016-01-01 00:01:24,2016-01-01 00:09:52,1,1.9,-73.95974731445312,40.8012924194336,1,N,-73.95064544677734,40.82293319702149,2,9.0,0.5,0.5,0.0,0.0,0.3,10.3
131,2,2016-01-01 00:01:24,2016-01-01 00:21:59,1,2.94,-73.97940063476561,40.7397689819336,1,N,-73.99954986572266,40.7425193786621,1,15.0,0.5,0.5,0.0,0.0,0.3,16.3
132,2,2016-01-01 00:01:24,2016-01-01 00:05:58,3,1.89,-73.97293090820312,40.75260162353516,1,N,-73.95585632324217,40.77605056762695,1,7.5,0.5,0.5,1.0,0.0,0.3,9.8
133,1,2016-01-01 00:01:26,2016-01-01 00:10:01,2,0.8,-73.97964477539062,40.760196685791016,1,N,-73.974853515625,40.75374221801758,2,7.0,0.5,0.5,0.0,0.0,0.3,8.3
134,1,2016-01-01 00:01:26,2016-01-01 00:19:52,1,5.0,-73.99504089355469,40.760448455810554,1,N,-73.93881225585938,40.79938507080078,2,17.5,0.5,0.5,0.0,0.0,0.3,18.8
135,2,2016-01-01 00:01:26,2016-01-01 00:13:41,1,3.86,-73.97683715820312,40.764591217041016,1,N,-73.9541015625,40.80475997924805,1,13.0,0.5,0.5,2.86,0.0,0.3,17.16
136,2,2016-01-01 00:01:26,2016-01-01 00:12:40,1,2.7,-74.0009536743164,40.730838775634766,1,N,-74.0172348022461,40.70491790771485,2,11.0,0.5,0.5,0.0,0.0,0.3,12.3
137,1,2016-01-01 00:01:27,2016-01-01 00:35:02,1,3.1,-73.97439575195312,40.76387786865234,1,N,-73.999267578125,40.7281608581543,1,21.0,0.5,0.5,4.45,0.0,0.3,26.75
138,1,2016-01-01 00:01:27,2016-01-01 00:02:33,1,0.1,-73.95517730712889,40.77317428588867,1,N,-73.95623016357422,40.77203750610352,3,3.0,0.5,0.5,0.0,0.0,0.3,4.3
139,2,2016-01-01 00:01:27,2016-01-01 00:14:34,1,1.4,-73.9898681640625,40.7293701171875,1,N,-73.98392486572266,40.74564743041992,1,9.0,0.5,0.5,3.09,0.0,0.3,13.39
140,1,2016-01-01 00:01:29,2016-01-01 00:25:53,1,11.2,-73.96961212158203,40.75771331787109,1,N,-73.90223693847656,40.70281219482422,1,32.5,0.5,0.5,0.0,0.0,0.3,33.8
141,1,2016-01-01 00:01:29,2016-01-01 00:29:40,1,5.6,-74.0024185180664,40.73323440551758,1,N,-73.9245834350586,40.6919174194336,1,22.5,0.5,0.5,4.75,0.0,0.3,28.55
142,2,2016-01-01 00:01:29,2016-01-01 00:10:45,1,1.52,-73.97177124023438,40.75983810424805,1,N,-73.98751831054686,40.748722076416016,1,8.0,0.5,0.5,2.79,0.0,0.3,12.09
143,2,2016-01-01 00:01:29,2016-01-01 00:05:08,1,0.76,-73.94184875488281,40.82948303222656,1,N,-73.93864440917967,40.8398666381836,2,4.5,0.5,0.5,0.0,0.0,0.3,5.8
144,2,2016-01-01 00:01:29,2016-01-01 00:12:56,5,2.68,-74.0105209350586,40.71841049194336,1,N,-73.99134826660156,40.745208740234375,1,10.0,0.5,0.5,2.0,0.0,0.3,13.3
145,2,2016-01-01 00:01:32,2016-01-01 00:25:32,1,2.7,-74.00708770751953,40.71913146972656,1,N,-73.98757934570312,40.7498893737793,1,16.0,0.5,0.5,1.5,0.0,0.3,18.8
146,1,2016-01-01 00:01:33,2016-01-01 00:14:43,1,4.3,-73.99446868896483,40.71897888183594,1,N,-73.95662689208984,40.67439270019531,1,15.0,0.5,0.5,3.25,0.0,0.3,19.55
147,2,2016-01-01 00:01:33,2016-01-01 00:13:25,1,6.29,-73.98499298095702,40.77389144897461,1,N,-73.93649291992188,40.84777069091797,2,19.5,0.5,0.5,0.0,0.0,0.3,20.8
148,2,2016-01-01 00:01:33,2016-01-01 00:05:39,1,1.22,-73.8626937866211,40.76873016357422,1,N,-73.87529754638672,40.77035903930664,1,6.0,0.5,0.5,0.0,0.0,0.3,7.3
149,2,2016-01-01 00:01:33,2016-01-01 00:15:16,5,1.49,-73.99803161621094,40.719669342041016,1,N,-73.98390960693358,40.731800079345696,1,10.0,0.5,0.5,2.26,0.0,0.3,13.56
150,2,2016-01-01 00:01:33,2016-01-01 00:37:20,5,11.55,-73.79447937011719,40.65715026855469,1,N,-73.88738250732422,40.65415954589844,2,36.5,0.5,0.5,0.0,0.0,0.3,37.8
151,1,2016-01-01 00:01:34,2016-01-01 00:15:38,1,2.9,0.0,0.0,1,N,0.0,0.0,2,12.0,0.5,0.5,0.0,0.0,0.3,13.3
152,2,2016-01-01 00:01:34,2016-01-01 00:18:12,1,2.67,-74.00284576416014,40.731151580810554,1,N,-73.97352600097656,40.74871063232422,1,12.5,0.5,0.5,1.1,0.0,0.3,14.9
153,2,2016-01-01 00:01:34,2016-01-01 00:19:14,1,4.26,-73.97858428955078,40.76258087158203,1,N,-73.96331024169923,40.79871368408203,1,17.0,0.5,0.5,3.66,0.0,0.3,21.96
154,1,2016-01-01 00:01:35,2016-01-01 00:09:13,1,1.3,-73.9957733154297,40.759323120117195,1,N,-73.994873046875,40.750301361083984,2,7.5,0.5,0.5,0.0,0.0,0.3,8.8
155,1,2016-01-01 00:01:35,2016-01-01 00:08:48,1,1.3,-74.00505065917967,40.73995590209961,1,N,-73.98983764648438,40.729434967041016,2,7.0,0.5,0.5,0.0,0.0,0.3,8.3
156,2,2016-01-01 00:01:35,2016-01-01 00:08:11,3,1.18,-73.99897003173827,40.73460006713867,1,N,-73.98368072509764,40.72577667236328,2,6.5,0.5,0.5,0.0,0.0,0.3,7.8
157,2,2016-01-01 00:01:36,2016-01-01 00:20:36,1,3.55,0.0,0.0,1,N,0.0,0.0,1,15.5,0.5,0.5,3.36,0.0,0.3,20.16
158,2,2016-01-01 00:01:37,2016-01-01 00:26:40,2,4.59,-73.97367095947266,40.78451919555664,1,N,-73.98818969726561,40.731971740722656,2,19.0,0.5,0.5,0.0,0.0,0.3,20.3
159,2,2016-01-01 00:01:37,2016-01-01 00:25:25,2,1.53,0.0,0.0,1,N,0.0,0.0,2,15.0,0.5,0.5,0.0,0.0,0.3,16.3
160,2,2016-01-01 00:01:37,2016-01-01 00:03:31,1,0.2,-73.97333526611328,40.76407241821289,1,N,-73.974853515625,40.761734008789055,2,3.5,0.5,0.5,0.0,0.0,0.3,4.8
161,1,2016-01-01 00:01:38,2016-01-01 00:35:31,1,10.1,-73.9784927368164,40.76217651367188,1,N,-73.9610824584961,40.66745376586913,2,33.0,0.5,0.5,0.0,0.0,0.3,34.3
162,1,2016-01-01 00:01:38,2016-01-01 00:06:22,1,0.7,-73.99783325195312,40.74491500854492,1,N,-73.99201202392578,40.738502502441406,1,5.5,0.5,0.5,1.2,0.0,0.3,8.0
163,1,2016-01-01 00:01:38,2016-01-01 00:08:32,1,0.9,-73.95558929443358,40.7640495300293,1,N,-73.96797943115233,40.76241302490234,2,6.5,0.5,0.5,0.0,0.0,0.3,7.8
164,1,2016-01-01 00:01:38,2016-01-01 00:45:57,1,7.8,-73.98835754394531,40.72014236450195,1,N,-73.96884918212889,40.79058074951172,1,32.5,0.5,0.5,6.76,0.0,0.3,40.56
165,1,2016-01-01 00:01:38,2016-01-01 00:06:34,1,1.2,-73.99267578125,40.72039031982422,1,N,-74.00337219238281,40.70816802978516,1,6.0,0.5,0.5,1.45,0.0,0.3,8.75
166,1,2016-01-01 00:01:39,2016-01-01 00:20:55,2,6.2,-74.01483917236328,40.71460723876953,1,N,-73.9875259399414,40.745502471923835,1,21.0,0.5,0.5,5.55,0.0,0.3,27.85
167,1,2016-01-01 00:01:39,2016-01-01 00:17:04,1,4.0,-73.9441680908203,40.7880744934082,1,N,-73.98552703857422,40.747257232666016,1,14.5,0.5,0.5,1.0,0.0,0.3,16.8
168,1,2016-01-01 00:01:39,2016-01-01 00:12:30,1,3.3,-73.97856903076173,40.72957229614258,1,N,-73.9554443359375,40.768348693847656,2,12.5,0.5,0.5,0.0,0.0,0.3,13.8
169,2,2016-01-01 00:01:39,2016-01-01 00:05:47,1,0.71,-73.99903106689453,40.7342185974121,1,N,-73.99922180175781,40.7290267944336,2,5.0,0.5,0.5,0.0,0.0,0.3,6.3
170,1,2016-01-01 00:01:40,2016-01-01 00:16:59,1,5.7,-73.95992279052734,40.77350234985352,1,N,-73.88846588134764,40.81656265258789,2,18.5,0.5,0.5,0.0,0.0,0.3,19.8
171,1,2016-01-01 00:01:40,2016-01-01 00:24:33,2,3.6,-73.99394226074217,40.7567138671875,1,N,-74.00363159179686,40.75147247314453,2,16.0,0.5,0.5,0.0,0.0,0.3,17.3
172,1,2016-01-01 00:01:41,2016-01-01 00:07:46,1,0.9,-74.00257873535155,40.73963928222656,1,N,-74.002197265625,40.745220184326165,2,6.0,0.5,0.5,0.0,0.0,0.3,7.3
173,1,2016-01-01 00:01:41,2016-01-01 00:34:07,3,9.6,-73.99676513671875,40.74243927001953,1,N,-73.94156646728516,40.85139083862305,1,32.0,0.5,0.5,5.0,0.0,0.3,38.3
174,2,2016-01-01 00:01:41,2016-01-01 00:08:17,1,1.33,-73.97644805908203,40.75837707519531,1,N,-73.97643280029298,40.7451057434082,2,7.0,0.5,0.5,0.0,0.0,0.3,8.3
175,2,2016-01-01 00:01:41,2016-01-01 00:08:50,1,1.18,-74.00428009033203,40.72182083129882,1,N,-73.99907684326173,40.734031677246094,2,6.5,0.5,0.5,0.0,0.0,0.3,7.8
176,1,2016-01-01 00:01:42,2016-01-01 00:16:39,1,6.9,-73.97149658203125,40.75601196289063,1,N,-74.0155029296875,40.7178955078125,1,21.5,0.5,0.5,4.56,0.0,0.3,27.36
177,2,2016-01-29 09:18:19,2016-01-29 09:28:56,1,1.78,-73.94954681396483,40.77176284790039,1,N,-73.9636993408203,40.75725173950195,1,9.0,0.0,0.5,2.45,0.0,0.3,12.25
178,1,2016-01-29 09:18:20,2016-01-29 10:20:27,1,7.5,-73.9739990234375,40.74299240112305,1,N,-73.95480346679686,40.69256210327149,2,41.0,0.0,0.5,0.0,0.0,0.3,41.8
179,1,2016-01-29 09:18:20,2016-01-29 09:29:27,1,1.4,-73.98726654052734,40.74432373046875,1,N,-73.97976684570312,40.760555267333984,1,9.0,0.0,0.5,1.0,0.0,0.3,10.8
180,1,2016-01-29 09:18:20,2016-01-29 09:21:35,1,0.5,-73.94271087646483,40.79436111450195,1,N,-73.93535614013672,40.79618835449219,2,4.5,0.0,0.5,0.0,0.0,0.3,5.3
181,1,2016-01-29 09:18:20,2016-01-29 09:30:41,1,1.0,-74.00877380371092,40.7138900756836,1,N,-73.99676513671875,40.72399520874024,1,9.0,0.0,0.5,1.0,0.0,0.3,10.8
182,1,2016-01-29 09:18:20,2016-01-29 09:23:43,1,0.6,-73.99771118164062,40.724002838134766,1,N,-74.0052719116211,40.71913146972656,1,5.0,0.0,0.5,1.0,0.0,0.3,6.8
183,1,2016-01-29 09:18:21,2016-01-29 09:39:13,1,2.7,-73.9652099609375,40.79120635986328,1,N,-73.97584533691406,40.760135650634766,1,15.0,0.0,0.5,3.15,0.0,0.3,18.95
184,1,2016-01-29 09:18:21,2016-01-29 09:33:55,1,2.6,-73.98202514648438,40.772476196289055,1,N,-73.95494842529298,40.78335952758789,2,12.5,0.0,0.5,0.0,0.0,0.3,13.3
185,1,2016-01-29 09:18:21,2016-01-29 09:27:59,1,1.2,-73.99658966064453,40.7428092956543,1,N,-73.98961639404298,40.757415771484375,2,8.0,0.0,0.5,0.0,0.0,0.3,8.8
186,2,2016-01-29 09:18:21,2016-01-29 09:28:16,5,1.23,-74.01598358154298,40.715091705322266,1,N,-74.00107574462889,40.72101211547852,1,8.0,0.0,0.5,1.76,0.0,0.3,10.56
187,2,2016-01-29 09:18:21,2016-01-29 09:23:18,1,0.69,-73.97512054443358,40.75225830078125,1,N,-73.98383331298828,40.74715042114258,2,5.0,0.0,0.5,0.0,0.0,0.3,5.8
188,2,2016-01-29 09:18:21,2016-01-29 09:27:30,1,1.61,-73.95571899414062,40.76820373535156,1,N,-73.97206115722656,40.78177261352539,1,8.0,0.0,0.5,1.76,0.0,0.3,10.56
189,2,2016-01-29 09:18:21,2016-01-29 09:19:57,1,0.29,-73.97188568115233,40.78183364868164,1,N,-73.9693832397461,40.78534698486328,1,3.5,0.0,0.5,1.29,0.0,0.3,5.59
190,2,2016-01-29 09:18:21,2016-01-29 09:54:39,1,4.89,-74.00592803955078,40.745220184326165,1,N,-73.96426391601561,40.807376861572266,1,24.5,0.0,0.5,1.1,0.0,0.3,26.4
191,2,2016-01-29 09:18:21,2016-01-29 09:40:52,2,7.33,-73.99788665771484,40.68285751342773,1,N,-73.97223663330078,40.74979782104492,1,23.5,0.0,0.5,6.08,0.0,0.3,30.38
192,1,2016-01-29 09:18:22,2016-01-29 09:25:05,1,0.9,-73.99626159667967,40.738037109375,1,N,-73.99027252197266,40.73168182373047,1,6.0,0.0,0.5,1.0,0.0,0.3,7.8
193,1,2016-01-29 09:18:22,2016-01-29 09:28:43,1,0.8,-73.99120330810547,40.74973678588867,1,N,-73.98949432373048,40.73994827270508,2,7.5,0.0,0.5,0.0,0.0,0.3,8.3
194,1,2016-01-29 09:18:22,2016-01-29 09:28:10,1,1.2,-73.9578628540039,40.76536560058594,1,N,-73.97076416015625,40.75789260864258,2,8.0,0.0,0.5,0.0,0.0,0.3,8.8
195,1,2016-01-29 09:18:22,2016-01-29 09:25:30,1,0.9,0.0,0.0,1,N,0.0,0.0,1,6.5,0.0,0.5,1.45,0.0,0.3,8.75
196,2,2016-01-29 09:18:22,2016-01-29 09:27:28,1,2.6,-74.01063537597656,40.71743774414063,1,N,-74.00794982910156,40.75130081176758,1,10.5,0.0,0.5,2.0,0.0,0.3,13.3
197,2,2016-01-29 09:18:22,2016-01-29 09:29:24,6,1.1,-73.96724700927734,40.76068878173828,1,N,-73.98075103759764,40.76766586303711,2,8.0,0.0,0.5,0.0,0.0,0.3,8.8
198,2,2016-01-29 09:18:22,2016-01-29 09:32:34,1,2.96,-73.97779846191406,40.73419189453125,1,N,-74.00101470947266,40.72420883178711,1,13.0,0.0,0.5,2.0,0.0,0.3,15.8
199,2,2016-01-29 09:18:22,2016-01-29 09:35:21,5,1.4,-73.97921752929686,40.78488159179688,1,N,-73.98188781738281,40.76570892333984,1,11.5,0.0,0.5,2.0,0.0,0.3,14.3
200,1,2016-01-29 09:18:23,2016-01-29 09:33:03,1,1.5,-73.98064422607422,40.78244400024414,1,N,-73.98381042480467,40.76136016845703,1,10.5,0.0,0.5,2.5,0.0,0.3,13.8
201,1,2016-01-29 09:18:23,2016-01-29 09:23:47,1,0.6,-73.98426055908203,40.75483322143555,1,N,-73.9769515991211,40.7585334777832,1,5.5,0.0,0.5,1.25,0.0,0.3,7.55
202,1,2016-01-29 09:18:23,2016-01-29 09:32:05,1,1.8,-73.99336242675781,40.74690246582031,1,N,-73.98306274414062,40.76579284667969,1,10.5,0.0,0.5,2.8,0.0,0.3,14.1
203,2,2016-01-29 09:18:23,2016-01-29 09:44:52,1,2.96,-73.9622344970703,40.776077270507805,1,N,-73.98980712890625,40.74118041992188,1,17.5,0.0,0.5,2.0,0.0,0.3,20.3
204,2,2016-01-29 09:18:23,2016-01-29 09:23:09,5,0.89,-73.93569946289062,40.76107025146485,1,N,-73.937744140625,40.7536735534668,1,5.5,0.0,0.5,1.26,0.0,0.3,7.56
205,2,2016-01-29 09:18:23,2016-01-29 09:19:37,6,0.27,-73.97733306884764,40.75014114379882,1,N,-73.98046112060547,40.74761962890625,2,3.0,0.0,0.5,0.0,0.0,0.3,3.8
206,2,2016-01-29 09:18:23,2016-01-29 09:32:15,2,2.01,-73.96103668212889,40.79672622680664,1,N,-73.95339965820312,40.77848052978516,1,10.5,0.0,0.5,1.11,0.0,0.3,12.41
207,2,2016-01-29 09:18:23,2016-01-29 09:21:34,2,0.69,-73.96102142333984,40.76947021484375,1,N,-73.96350860595702,40.77423095703125,1,4.5,0.0,0.5,0.0,0.0,0.3,5.3
208,2,2016-01-29 09:18:24,2016-01-29 09:22:37,1,0.78,-73.9882583618164,40.75381088256836,1,N,-73.98554992675781,40.7470932006836,2,4.5,0.0,0.5,0.0,0.0,0.3,5.3
209,2,2016-01-29 09:18:24,2016-01-29 09:35:43,1,3.92,-73.99602508544923,40.68672943115234,1,N,-74.01582336425781,40.71446990966797,2,15.5,0.0,0.5,0.0,0.0,0.3,16.3
210,2,2016-01-29 09:18:24,2016-01-29 09:29:51,1,1.61,-73.99082946777342,40.750526428222656,1,N,-73.98933410644531,40.734081268310554,1,9.0,0.0,0.5,1.96,0.0,0.3,11.76
211,1,2016-01-29 09:18:25,2016-01-29 09:40:03,1,4.7,-73.98930358886719,40.740478515625,1,N,-74.00837707519531,40.711029052734375,1,19.0,0.0,0.5,3.95,0.0,0.3,23.75
212,1,2016-01-29 09:18:25,2016-01-29 09:29:35,1,2.5,-73.96990966796875,40.78459167480469,1,N,-73.9435043334961,40.801605224609375,2,10.5,0.0,0.5,0.0,0.0,0.3,11.3
213,2,2016-01-29 09:18:25,2016-01-29 09:26:04,2,1.07,-73.96685028076173,40.76163864135742,1,N,-73.9534912109375,40.76723861694336,2,6.5,0.0,0.5,0.0,0.0,0.3,7.3
214,2,2016-01-29 09:18:25,2016-01-29 09:33:39,6,5.41,-73.98110961914062,40.779388427734375,1,N,-73.94001770019531,40.84123229980469,1,18.0,0.0,0.5,4.7,0.0,0.3,23.5
215,2,2016-01-29 09:18:25,2016-01-29 09:29:08,6,1.48,-73.98545074462889,40.744510650634766,1,N,-73.97112274169923,40.75926971435546,1,8.5,0.0,0.5,1.0,0.0,0.3,10.3
216,2,2016-01-29 09:18:25,2016-01-29 09:29:06,5,2.06,-73.96494293212889,40.79513168334961,1,N,-73.93946075439453,40.804630279541016,2,9.5,0.0,0.5,0.0,0.0,0.3,10.3
217,1,2016-01-29 09:18:26,2016-01-29 09:29:41,1,0.9,-73.9677734375,40.75600814819336,1,N,-73.97921752929686,40.75299072265625,1,8.0,0.0,0.5,1.75,0.0,0.3,10.55
218,1,2016-01-29 09:18:26,2016-01-29 09:31:53,1,1.5,-73.99271392822266,40.75522232055664,1,N,-73.99132537841797,40.738807678222656,1,10.0,0.0,0.5,1.0,0.0,0.3,11.8
219,1,2016-01-29 09:18:26,2016-01-29 09:28:59,1,1.3,-73.95632934570312,40.77143478393555,1,N,-73.97023773193358,40.75920104980469,2,8.5,0.0,0.5,0.0,0.0,0.3,9.3
220,2,2016-01-29 09:18:26,2016-01-29 09:25:24,1,0.52,-73.96843719482422,40.79944610595703,1,N,-73.96643829345702,40.794395446777344,1,6.0,0.0,0.5,1.0,0.0,0.3,7.8
221,2,2016-01-29 09:18:26,2016-01-29 09:36:30,2,2.36,-73.96105194091797,40.76081085205078,1,N,-73.98296356201173,40.74802017211913,1,13.5,0.0,0.5,2.86,0.0,0.3,17.16
222,2,2016-01-29 09:18:26,2016-01-29 09:25:02,1,4.48,-73.9719009399414,40.794780731201165,1,N,-73.938720703125,40.84856033325195,1,13.5,0.0,0.5,2.0,0.0,0.3,16.3
223,2,2016-01-29 09:18:26,2016-01-29 09:22:00,5,0.32,-73.9582290649414,40.77873992919922,1,N,-73.9611587524414,40.77465057373047,1,4.0,0.0,0.5,0.96,0.0,0.3,5.76
224,1,2016-01-29 09:18:27,2016-01-29 09:49:13,1,8.6,-73.94605255126953,40.79247283935546,1,N,-73.99317169189453,40.719764709472656,1,28.0,0.0,0.5,5.75,0.0,0.3,34.55
225,1,2016-01-29 09:18:27,2016-01-29 09:27:58,1,1.9,-73.9560317993164,40.781097412109375,1,N,-73.93888854980467,40.80495834350586,1,9.0,0.0,0.5,1.96,0.0,0.3,11.76
226,1,2016-01-29 09:18:27,2016-01-29 09:32:19,2,1.1,-73.98194122314453,40.75214385986328,1,N,-73.97282409667967,40.758106231689446,1,9.5,0.0,0.5,2.05,0.0,0.3,12.35
227,2,2016-01-29 09:18:27,2016-01-29 09:48:03,5,3.32,-73.95364379882812,40.76662063598633,1,N,-73.99324035644531,40.747291564941406,1,19.0,0.0,0.5,1.0,0.0,0.3,20.8
228,2,2016-01-29 09:18:27,2016-01-29 09:27:07,1,0.6,-73.99176025390625,40.74924850463867,1,N,-73.98931121826173,40.74381256103516,1,7.0,0.0,0.5,1.56,0.0,0.3,9.36
229,2,2016-01-29 09:18:27,2016-01-29 09:23:41,1,0.81,-73.97254943847656,40.74652099609375,1,N,-73.96790313720702,40.75553131103516,1,5.5,0.0,0.5,1.58,0.0,0.3,7.88
230,2,2016-01-29 09:18:27,2016-01-29 09:27:47,5,0.79,-73.98988342285155,40.73525238037109,1,N,-73.98124694824217,40.736366271972656,2,7.5,0.0,0.5,0.0,0.0,0.3,8.3
231,2,2016-01-29 09:18:27,2016-01-29 09:29:06,1,0.51,-73.97547912597656,40.749813079833984,1,N,-73.97008514404298,40.75609970092773,1,7.5,0.0,0.5,0.0,0.0,0.3,8.3
232,1,2016-01-29 09:18:28,2016-01-29 09:59:42,1,4.6,-73.99557495117188,40.75481796264648,1,N,-73.94874572753906,40.77069854736328,1,26.5,0.0,0.5,5.45,0.0,0.3,32.75
233,1,2016-01-29 09:18:28,2016-01-29 09:18:34,1,0.0,-73.94992828369139,40.77203750610352,1,N,-73.94992065429686,40.77203369140625,3,2.5,0.0,0.5,0.0,0.0,0.3,3.3
234,1,2016-01-29 09:18:28,2016-01-29 09:32:04,1,1.2,-73.9845199584961,40.74574661254882,1,N,-73.97261047363281,40.76155853271485,1,9.5,0.0,0.5,2.05,0.0,0.3,12.35
235,2,2016-01-29 09:18:28,2016-01-29 09:27:01,1,0.77,-73.97462463378906,40.75106048583984,1,N,-73.98721313476561,40.75628662109375,1,7.0,0.0,0.5,1.56,0.0,0.3,9.36
236,2,2016-01-29 09:18:28,2016-01-29 09:32:44,5,1.43,-73.98094177246092,40.7443733215332,1,N,-73.9813461303711,40.759475708007805,1,10.5,0.0,0.5,2.26,0.0,0.3,13.56
237,2,2016-01-29 09:18:28,2016-01-29 09:21:05,2,0.34,-73.95726013183594,40.77048873901367,1,N,-73.96286010742188,40.76816177368164,2,3.5,0.0,0.5,0.0,0.0,0.3,4.3
238,2,2016-01-29 09:18:28,2016-01-29 09:41:42,1,3.49,-74.01615142822266,40.70991134643555,1,N,-73.99156188964845,40.73992156982422,1,17.0,0.0,0.5,1.0,0.0,0.3,18.8
239,2,2016-01-29 09:18:28,2016-01-29 09:42:10,1,1.77,-73.99031066894531,40.750938415527344,1,N,-73.97059631347656,40.756080627441406,1,15.0,0.0,0.5,3.16,0.0,0.3,18.96
240,2,2016-01-29 09:18:28,2016-01-29 09:48:46,1,4.65,-74.00508880615233,40.73099899291992,1,N,-73.9619598388672,40.7732810974121,2,21.0,0.0,0.5,0.0,0.0,0.3,21.8
241,1,2016-01-29 09:18:29,2016-01-29 09:42:24,1,3.2,-73.99398040771484,40.75120162963867,1,N,-73.96849060058595,40.7907829284668,1,17.0,0.0,0.5,3.55,0.0,0.3,21.35
242,1,2016-01-29 09:18:29,2016-01-29 09:27:48,1,1.3,-73.9869384765625,40.73944091796875,1,N,-73.97518920898438,40.75590133666992,2,8.0,0.0,0.5,0.0,0.0,0.3,8.8
243,1,2016-01-29 09:18:29,2016-01-29 09:43:48,1,2.0,-73.97987365722656,40.73516082763672,1,N,-73.99079132080078,40.755157470703125,2,15.0,0.0,0.5,0.0,0.0,0.3,15.8
244,1,2016-01-29 09:18:29,2016-01-29 09:38:37,1,1.7,-73.99188232421875,40.74993896484375,1,N,-73.97618865966798,40.74077987670898,1,13.5,0.0,0.5,1.7,0.0,0.3,16.0
245,2,2016-01-29 09:18:29,2016-01-29 09:33:10,1,2.89,-73.99655151367188,40.737300872802734,1,N,-74.01409912109375,40.71392059326172,1,13.0,0.0,0.5,2.76,0.0,0.3,16.56
246,2,2016-01-29 09:18:29,2016-01-29 09:27:44,1,1.05,-74.00878143310547,40.71905517578125,1,N,-73.99854278564453,40.72859191894531,2,7.5,0.0,0.5,0.0,0.0,0.3,8.3
247,2,2016-01-29 09:18:29,2016-01-29 09:34:49,1,1.43,-73.9952392578125,40.74982070922852,1,N,-73.97733306884764,40.75545883178711,1,11.0,0.0,0.5,2.95,0.0,0.3,14.75
248,2,2016-01-29 09:18:29,2016-01-29 09:29:55,1,1.69,-74.00081634521484,40.752349853515625,1,N,-73.9905014038086,40.740100860595696,1,9.0,0.0,0.5,1.96,0.0,0.3,11.76
249,1,2016-01-29 09:18:30,2016-01-29 09:23:43,1,0.9,-74.01686096191406,40.70631790161133,1,N,-74.01053619384764,40.708808898925774,2,5.5,0.0,0.5,0.0,0.0,0.3,6.3
250,1,2016-01-29 09:18:30,2016-01-29 09:39:57,1,1.6,-73.95657348632812,40.76701736450195,1,N,-73.97697448730467,40.762519836425774,1,14.0,0.0,0.5,2.95,0.0,0.3,17.75
251,1,2016-01-29 09:18:30,2016-01-29 09:29:58,1,1.2,-73.96696472167967,40.76984786987305,1,N,-73.98430633544923,40.76989364624024,1,8.5,0.0,0.5,1.5,0.0,0.3,10.8
252,2,2016-01-29 09:18:30,2016-01-29 10:03:31,3,19.22,-74.00275421142578,40.728641510009766,2,N,-73.78350067138672,40.643699645996094,1,52.0,0.0,0.5,10.56,0.0,0.3,63.36
253,1,2016-01-29 09:18:31,2016-01-29 09:37:55,1,2.1,-73.98223114013672,40.765132904052734,1,N,-73.95420074462889,40.767181396484375,2,13.0,0.0,0.5,0.0,0.0,0.3,13.8
254,1,2016-01-29 09:18:31,2016-01-29 09:45:17,1,7.0,-74.00020599365233,40.67845153808594,1,N,-73.98304748535155,40.73482131958008,1,25.5,0.0,0.5,6.35,5.54,0.3,38.19
255,1,2016-01-29 09:18:31,2016-01-29 09:51:40,1,15.9,-73.98362731933594,40.74764251708984,2,N,-73.78704833984375,40.64691162109375,1,52.0,0.0,0.5,11.65,5.54,0.3,69.99
256,2,2016-01-29 09:18:31,2016-01-29 09:40:50,6,6.82,-73.95172882080078,40.76948928833008,1,N,-73.91217041015625,40.75894165039063,1,23.5,0.0,0.5,5.97,5.54,0.3,35.81
257,2,2016-01-29 09:18:31,2016-01-29 09:25:55,1,1.25,-73.95570373535155,40.76848220825195,1,N,-73.95994567871092,40.77881240844727,1,7.0,0.0,0.5,1.56,0.0,0.3,9.36
258,2,2016-01-29 09:18:31,2016-01-29 09:39:17,1,2.25,-73.9881362915039,40.73800659179688,1,N,-73.98253631591797,40.76324081420898,1,14.0,0.0,0.5,2.96,0.0,0.3,17.76
259,1,2016-01-29 09:18:32,2016-01-29 09:48:56,1,5.1,-73.99387359619139,40.735260009765625,1,N,-74.01419067382812,40.70835876464844,1,24.0,0.0,0.5,4.95,0.0,0.3,29.75
260,1,2016-01-29 09:18:32,2016-01-29 09:35:38,1,3.0,-73.98641967773438,40.73462677001953,1,N,-74.01580810546875,40.71603775024414,1,14.0,0.0,0.5,3.7,0.0,0.3,18.5
261,1,2016-01-29 09:18:32,2016-01-29 09:41:58,1,2.1,-73.95574188232422,40.78190994262695,1,N,-73.96240997314453,40.75834274291992,1,15.0,0.0,0.5,3.15,0.0,0.3,18.95
262,1,2016-01-29 09:18:32,2016-01-29 09:55:33,1,3.4,-73.95587158203125,40.77930450439453,1,N,-73.98916625976561,40.74135971069336,1,22.5,0.0,0.5,5.82,0.0,0.3,29.12
263,2,2016-01-29 09:18:32,2016-01-29 09:37:50,1,5.17,-73.9789047241211,40.740768432617195,1,N,-74.01493072509764,40.71307373046875,1,19.5,0.0,0.5,4.06,0.0,0.3,24.36
264,1,2016-01-29 09:18:33,2016-01-29 09:20:32,1,0.4,-73.99958038330078,40.73851013183594,1,N,-74.00247192382812,40.73403549194336,1,3.5,0.0,0.5,0.85,0.0,0.3,5.15
265,1,2016-01-29 09:18:33,2016-01-29 09:45:32,1,3.3,-73.98578643798828,40.730953216552734,1,N,-73.96662139892578,40.76629257202149,1,18.0,0.0,0.5,3.75,0.0,0.3,22.55
266,1,2016-01-29 09:18:33,2016-01-29 09:37:02,2,1.5,-73.99021911621094,40.756256103515625,1,N,-73.98146057128906,40.745216369628906,1,12.5,0.0,0.5,1.0,0.0,0.3,14.3
267,2,2016-01-29 09:18:33,2016-01-29 09:33:36,3,1.57,-73.95265197753906,40.7835807800293,1,N,-73.96455383300781,40.764812469482415,2,10.5,0.0,0.5,0.0,0.0,0.3,11.3
268,2,2016-01-29 09:18:33,2016-01-29 09:27:32,5,2.11,-73.94956970214845,40.78115081787109,1,N,-73.97589111328125,40.776458740234375,1,9.0,0.0,0.5,1.96,0.0,0.3,11.76
269,2,2016-01-29 09:18:33,2016-01-29 09:40:10,1,10.76,-73.97713470458984,40.75194549560546,1,N,-73.87052917480467,40.77375793457031,1,31.5,0.0,0.5,5.0,5.54,0.3,42.84
270,2,2016-01-29 09:18:33,2016-01-29 09:43:30,5,3.76,-73.95365142822266,40.76694107055664,1,N,-73.9445571899414,40.8089714050293,1,18.0,0.0,0.5,3.76,0.0,0.3,22.56
271,1,2016-01-29 09:18:34,2016-01-29 09:36:11,1,3.7,-74.0143280029297,40.709434509277344,1,N,-73.99480438232422,40.75040054321289,1,15.0,0.0,0.5,3.15,0.0,0.3,18.95
272,1,2016-01-29 09:18:34,2016-01-29 09:31:21,1,0.9,-73.99277496337889,40.74300003051758,1,N,-73.97705841064453,40.739044189453125,2,9.0,0.0,0.5,0.0,0.0,0.3,9.8
273,1,2016-01-29 09:18:34,2016-01-29 09:27:31,1,1.2,-74.00835418701173,40.73612594604492,1,N,-74.0101547241211,40.7197494506836,1,7.5,0.0,0.5,1.0,0.0,0.3,9.3
274,1,2016-01-29 09:18:34,2016-01-29 09:34:43,1,0.8,-73.9615478515625,40.75778579711913,1,N,-73.97261047363281,40.75890350341797,1,10.5,0.0,0.5,1.7,0.0,0.3,13.0
275,1,2016-01-29 09:18:34,2016-01-29 09:32:33,1,2.3,-74.00882720947266,40.71916961669922,1,N,-73.99072265625,40.69449234008789,2,11.5,0.0,0.5,0.0,0.0,0.3,12.3
276,1,2016-01-29 09:18:34,2016-01-29 09:33:12,1,1.5,-73.9773712158203,40.74959182739258,1,N,-73.97605895996092,40.76393127441406,1,10.5,0.0,0.5,1.0,0.0,0.3,12.3
277,2,2016-01-29 09:18:34,2016-01-29 09:41:45,3,2.64,-73.95090484619139,40.77156829833984,1,N,-73.98079681396483,40.7623405456543,1,15.5,0.0,0.5,2.0,0.0,0.3,18.3
278,2,2016-01-29 09:18:34,2016-01-29 09:26:19,1,0.67,-73.98413848876953,40.76818084716797,1,N,-73.97344207763672,40.764427185058594,1,6.5,0.0,0.5,1.1,0.0,0.3,8.4
279,2,2016-01-29 09:18:34,2016-01-29 09:31:24,1,1.12,-73.99071502685547,40.75111770629882,1,N,-73.9728775024414,40.74642181396485,2,9.0,0.0,0.5,0.0,0.0,0.3,9.8
280,2,2016-01-29 09:18:34,2016-01-29 09:22:20,1,0.2,-73.989990234375,40.75730514526367,1,N,-73.9875259399414,40.760303497314446,1,4.0,0.0,0.5,1.2,0.0,0.3,6.0
281,1,2016-01-29 09:18:35,2016-01-29 09:27:51,1,1.0,-73.96171569824217,40.7642822265625,1,N,-73.9703369140625,40.75210189819336,2,7.5,0.0,0.5,0.0,0.0,0.3,8.3
282,1,2016-01-29 09:18:35,2016-01-29 09:26:01,1,0.5,-74.0052032470703,40.718460083007805,1,N,-74.01133728027342,40.714859008789055,1,6.5,0.0,0.5,2.0,0.0,0.3,9.3
283,2,2016-01-29 09:18:35,2016-01-29 09:33:11,1,1.98,-73.98139190673827,40.72890853881836,1,N,-73.9693832397461,40.74871063232422,2,12.0,0.0,0.5,0.0,0.0,0.3,12.8
284,2,2016-01-29 09:18:35,2016-01-29 09:29:54,1,1.03,-73.9823989868164,40.75136947631836,1,N,-73.9969024658203,40.75139999389648,1,8.0,0.0,0.5,2.0,0.0,0.3,10.8
285,2,2016-01-29 09:18:36,2016-01-29 09:33:44,1,1.79,-73.98275756835938,40.77191162109375,1,N,-73.99124908447266,40.749168395996094,2,10.5,0.0,0.5,0.0,0.0,0.3,11.3
286,2,2016-01-29 09:18:36,2016-01-29 09:33:50,6,1.81,-73.95050048828125,40.77976989746094,1,N,-73.96833038330078,40.76163864135742,1,11.0,0.0,0.5,0.0,0.0,0.3,11.8
287,2,2016-01-29 09:18:36,2016-01-29 09:31:00,2,0.62,-73.96589660644531,40.75969314575195,1,N,-73.97599029541014,40.76374435424805,1,8.5,0.0,0.5,1.0,0.0,0.3,10.3
288,2,2016-01-29 09:18:36,2016-01-29 09:32:05,1,1.81,-73.99549102783203,40.717090606689446,1,N,-74.01376342773438,40.71479034423828,1,10.5,0.0,0.5,2.0,0.0,0.3,13.3
289,1,2016-01-29 09:18:37,2016-01-29 09:28:49,1,0.9,-73.99522399902342,40.7497444152832,1,N,-73.9862060546875,40.7622184753418,1,8.0,0.0,0.5,1.75,0.0,0.3,10.55
290,1,2016-01-29 09:18:37,2016-01-29 09:56:54,1,10.2,-73.87276458740233,40.77375411987305,1,N,-73.97306060791014,40.76177215576172,1,35.0,0.0,0.5,8.25,5.54,0.3,49.59
291,1,2016-01-29 09:18:37,2016-01-29 09:32:20,1,1.7,-74.00558471679686,40.738765716552734,1,N,-73.99439239501953,40.71966171264648,1,10.0,0.0,0.5,2.15,0.0,0.3,12.95
292,2,2016-01-29 09:18:37,2016-01-29 09:49:44,1,2.72,-73.9745864868164,40.78794097900391,1,N,-73.95702362060547,40.76261901855469,2,19.5,0.0,0.5,0.0,0.0,0.3,20.3
293,2,2016-01-29 09:18:37,2016-01-29 09:30:41,1,1.3,-73.96511840820312,40.769161224365234,1,N,-73.9768829345703,40.75862884521485,2,9.0,0.0,0.5,0.0,0.0,0.3,9.8
294,2,2016-01-29 09:18:37,2016-01-29 09:37:56,1,1.31,-73.95677185058595,40.77806854248047,1,N,-73.96105194091797,40.76633834838867,1,12.5,0.0,0.5,2.66,0.0,0.3,15.96
295,1,2016-01-29 09:18:38,2016-01-29 09:23:06,1,1.0,-74.00994873046875,40.72114181518555,1,N,-74.01556396484375,40.70798110961913,1,5.5,0.0,0.5,1.25,0.0,0.3,7.55
296,1,2016-01-29 09:18:38,2016-01-29 09:27:30,1,0.7,-73.97471618652342,40.75032806396485,1,N,-73.96749877929686,40.76054382324219,2,7.0,0.0,0.5,0.0,0.0,0.3,7.8
297,1,2016-01-29 09:18:38,2016-01-29 09:26:15,2,0.6,-73.97954559326173,40.74933242797852,1,N,-73.9861602783203,40.743412017822266,2,6.5,0.0,0.5,0.0,0.0,0.3,7.3
298,1,2016-01-29 09:18:38,2016-01-29 09:31:21,3,1.4,-73.9549102783203,40.7657356262207,1,N,-73.97164154052734,40.75761413574219,2,9.5,0.0,0.5,0.0,0.0,0.3,10.3
299,2,2016-01-29 09:18:38,2016-01-29 09:28:24,1,1.15,-73.98733520507811,40.72471618652344,1,N,-73.97684478759764,40.739166259765625,1,8.5,0.0,0.5,1.0,0.0,0.3,10.3
300,2,2016-01-29 09:18:38,2016-01-29 09:29:00,1,0.85,-73.98136138916014,40.76461791992188,1,N,-73.98856353759764,40.758888244628906,2,7.5,0.0,0.5,0.0,0.0,0.3,8.3
301,2,2016-01-29 09:18:38,2016-01-29 09:23:59,1,0.94,-74.01625061035155,40.71480941772461,1,N,-74.01009368896483,40.72024154663086,2,5.5,0.0,0.5,0.0,0.0,0.3,6.3
302,1,2016-01-29 09:18:39,2016-01-29 09:36:59,1,1.5,-73.97840881347656,40.74823760986328,1,Y,-73.97294616699219,40.76455307006836,1,12.0,0.0,0.5,1.92,0.0,0.3,14.72
303,1,2016-01-29 09:18:39,2016-01-29 09:53:16,1,15.2,-73.97441101074217,40.749656677246094,2,N,-73.79081726074217,40.66342926025391,1,52.0,0.0,0.5,17.5,5.54,0.3,75.84
304,1,2016-01-29 09:18:39,2016-01-29 09:22:05,1,0.8,-73.9879150390625,40.754638671875,1,N,-73.98628997802734,40.745880126953125,1,4.5,0.0,0.5,1.05,0.0,0.3,6.35
305,2,2016-01-29 09:18:39,2016-01-29 09:21:54,2,0.71,-73.98709869384764,40.7711181640625,1,N,-73.97975158691406,40.77780151367188,1,4.5,0.0,0.5,1.06,0.0,0.3,6.36
306,2,2016-01-29 09:18:39,2016-01-29 09:54:47,1,6.31,-74.00460052490233,40.70684814453125,1,N,-73.98020172119139,40.76733016967773,1,27.5,0.0,0.5,5.66,0.0,0.3,33.96
307,2,2016-01-29 09:18:39,2016-01-29 09:59:56,2,6.75,-73.99246215820312,40.71426010131836,5,N,-73.92105865478516,40.66778564453125,2,22.0,0.0,0.5,0.0,0.0,0.3,22.8
308,2,2016-01-29 09:18:39,2016-01-29 09:45:00,2,8.82,-73.97569274902342,40.765018463134766,1,N,-73.87061309814453,40.77397918701172,1,29.0,0.0,0.5,7.45,0.0,0.3,37.25
309,2,2016-01-29 09:18:39,2016-01-29 09:26:14,1,1.02,-73.96222686767578,40.77307891845703,1,N,-73.95807647705078,40.76490020751953,2,6.5,0.0,0.5,0.0,0.0,0.3,7.3
310,2,2016-01-29 09:18:39,2016-01-29 09:29:13,1,1.16,-73.98260498046875,40.739627838134766,1,N,-73.97948455810547,40.752418518066406,1,8.5,0.0,0.5,2.32,0.0,0.3,11.62
311,2,2016-01-29 09:18:39,2016-01-29 09:46:46,1,6.84,-73.96693420410156,40.80400848388672,1,N,-74.00912475585938,40.725296020507805,1,25.0,0.0,0.5,6.45,0.0,0.3,32.25
312,1,2016-01-29 09:18:40,2016-01-29 09:25:58,2,1.4,-73.960205078125,40.78139114379882,1,N,-73.97998046875,40.78208923339844,2,7.5,0.0,0.5,0.0,0.0,0.3,8.3
313,2,2016-01-29 09:18:40,2016-01-29 09:32:14,1,1.08,-73.97453308105469,40.757999420166016,1,N,-73.9642105102539,40.76081848144531,2,9.5,0.0,0.5,0.0,0.0,0.3,10.3
314,2,2016-01-29 09:18:40,2016-01-29 09:23:17,1,0.73,-73.9836196899414,40.765239715576165,1,N,-73.97336578369139,40.76434326171875,1,5.0,0.0,0.5,3.3,0.0,0.3,9.1
315,1,2016-01-29 09:18:41,2016-01-29 09:20:51,1,0.6,-73.98761749267578,40.7545166015625,1,N,-73.98320770263672,40.74941253662109,1,4.0,0.0,0.5,0.95,0.0,0.3,5.75
316,2,2016-01-29 09:18:41,2016-01-29 09:31:38,1,1.56,-73.95355224609375,40.76694107055664,1,N,-73.96859741210938,40.757488250732415,1,10.0,0.0,0.5,1.5,0.0,0.3,12.3
317,2,2016-01-29 09:18:41,2016-01-29 09:27:58,1,0.98,-73.95413970947266,40.77051162719727,1,N,-73.96678161621094,40.76982116699219,2,7.0,0.0,0.5,0.0,0.0,0.3,7.8
318,2,2016-01-29 09:18:41,2016-01-29 09:33:29,4,2.7,-74.00051879882812,40.72718048095703,1,N,-73.97588348388672,40.754173278808594,1,12.0,0.0,0.5,2.56,0.0,0.3,15.36
319,1,2016-01-29 09:18:42,2016-01-29 09:45:40,2,3.8,-73.97982788085938,40.78567123413086,1,N,-74.00211334228516,40.74291610717773,2,19.0,0.0,0.5,0.0,0.0,0.3,19.8
320,2,2016-01-29 09:18:42,2016-01-29 09:41:04,2,2.15,-73.99401092529298,40.750118255615234,1,N,-73.96942138671875,40.76287078857422,1,14.5,0.0,0.5,3.06,0.0,0.3,18.36
321,2,2016-01-29 09:18:42,2016-01-29 09:36:43,1,2.38,-74.00255584716798,40.72900772094727,1,N,-73.9789810180664,40.75310516357422,1,13.0,0.0,0.5,3.45,0.0,0.3,17.25
322,2,2016-01-29 09:18:42,2016-01-29 09:31:15,1,1.54,-73.99850463867188,40.681678771972656,1,N,-73.98873901367188,40.692901611328125,1,9.5,0.0,0.5,2.58,0.0,0.3,12.88
323,2,2016-01-29 09:18:42,2016-01-29 09:26:23,6,1.05,-73.99440002441406,40.7559700012207,1,N,-73.98125457763672,40.759101867675774,1,6.5,0.0,0.5,1.46,0.0,0.3,8.76
324,2,2016-01-29 09:18:42,2016-01-29 09:33:44,6,1.27,-73.97686004638672,40.75564956665039,1,N,-73.9857406616211,40.76784133911133,1,10.5,0.0,0.5,2.26,0.0,0.3,13.56
325,2,2016-01-29 09:18:42,2016-01-29 09:33:55,1,1.14,-73.9817886352539,40.728397369384766,1,N,-73.99367523193358,40.722503662109375,2,10.5,0.0,0.5,0.0,0.0,0.3,11.3
326,1,2016-01-29 09:18:43,2016-01-29 09:37:43,1,7.7,-73.9443359375,40.78072738647461,1,N,-74.00713348388672,40.70385360717773,1,23.5,0.0,0.5,2.5,0.0,0.3,26.8
327,1,2016-01-29 09:18:43,2016-01-29 09:22:28,1,0.8,-73.99385833740233,40.74569320678711,1,N,-74.0047836303711,40.7447509765625,1,5.0,0.0,0.5,1.45,0.0,0.3,7.25
328,1,2016-01-29 09:18:43,2016-01-29 09:25:53,1,1.5,-73.95718383789062,40.7661247253418,1,N,-73.9498291015625,40.78460693359375,1,7.5,0.0,0.5,1.0,0.0,0.3,9.3
329,1,2016-01-29 09:18:44,2016-01-29 09:33:05,2,1.1,-74.00663757324217,40.73641586303711,1,N,-73.98967742919923,40.73443603515625,1,10.0,0.0,0.5,2.15,0.0,0.3,12.95
330,1,2016-01-29 09:18:44,2016-01-29 09:21:06,1,0.5,-73.99158477783203,40.74988555908203,1,N,-73.99678039550781,40.74239730834961,1,4.0,0.0,0.5,0.95,0.0,0.3,5.75
331,1,2016-01-29 09:18:44,2016-01-29 09:35:31,1,2.3,-73.94895935058594,40.781532287597656,1,N,-73.97071838378906,40.75149917602539,1,12.0,0.0,0.5,2.55,0.0,0.3,15.35
332,2,2016-01-29 09:18:44,2016-01-29 09:37:53,5,3.56,-73.9761962890625,40.715450286865234,1,N,-73.9761962890625,40.715450286865234,2,14.5,0.0,0.5,0.0,0.0,0.3,15.3
333,2,2016-01-29 09:18:45,2016-01-29 09:24:11,1,0.67,-73.96585845947266,40.762405395507805,1,N,-73.95687866210938,40.762577056884766,1,5.5,0.0,0.5,1.58,0.0,0.3,7.88
334,2,2016-01-29 09:18:45,2016-01-29 09:25:20,1,1.06,-73.96714782714845,40.80368041992188,1,N,-73.97637939453125,40.790481567382805,1,6.5,0.0,0.5,1.0,0.0,0.3,8.3
335,2,2016-01-29 09:18:45,2016-01-29 09:22:01,1,0.68,-73.98831176757811,40.753448486328125,1,N,-73.9950180053711,40.744659423828125,2,4.5,0.0,0.5,0.0,0.0,0.3,5.3
336,2,2016-01-29 09:18:45,2016-01-29 09:31:04,1,1.82,-73.99580383300781,40.73870849609375,1,N,-73.99835205078125,40.75559997558594,1,10.0,0.0,0.5,2.16,0.0,0.3,12.96
337,2,2016-01-29 09:18:45,2016-01-29 09:18:47,1,0.0,0.0,0.0,2,N,0.0,0.0,1,52.0,0.0,0.5,8.0,0.0,0.3,60.8
338,2,2016-01-29 09:18:45,2016-01-29 09:37:37,3,1.87,-73.9607162475586,40.77510452270508,1,N,-73.97824096679686,40.75521087646485,1,13.0,0.0,0.5,2.76,0.0,0.3,16.56
339,1,2016-01-29 09:18:46,2016-01-29 09:32:16,1,4.7,-73.97718811035155,40.750118255615234,1,N,-74.0076446533203,40.70352554321289,1,15.5,0.0,0.5,3.25,0.0,0.3,19.55
340,2,2016-01-29 09:18:46,2016-01-29 09:27:10,2,0.79,-73.98124694824217,40.779109954833984,1,N,-73.9715576171875,40.7828483581543,1,7.0,0.0,0.5,1.56,0.0,0.3,9.36
341,2,2016-01-29 09:18:46,2016-01-29 09:20:47,1,0.26,-73.97815704345702,40.75330352783203,1,N,-73.98199462890625,40.75493621826172,1,3.5,0.0,0.5,0.0,0.0,0.3,4.3
342,2,2016-01-29 09:18:46,2016-01-29 09:31:00,1,1.74,-74.01337432861328,40.71668243408203,1,N,-73.99501037597656,40.72564697265625,1,10.0,0.0,0.5,2.16,0.0,0.3,12.96
343,2,2016-01-29 09:18:46,2016-01-29 09:47:11,1,3.42,-73.9939956665039,40.75115585327149,1,N,-73.95399475097656,40.7705307006836,1,18.5,0.0,0.5,2.0,0.0,0.3,21.3
344,1,2016-01-29 09:18:47,2016-01-29 09:26:15,1,1.2,-73.99149322509764,40.72718048095703,1,N,-73.98500061035155,40.74185180664063,2,7.0,0.0,0.5,0.0,0.0,0.3,7.8
345,1,2016-01-29 09:18:47,2016-01-29 09:26:22,1,0.4,-73.98123168945312,40.74708938598633,1,N,-73.98424530029298,40.74280548095703,1,6.0,0.0,0.5,0.68,0.0,0.3,7.48
346,1,2016-01-29 09:18:47,2016-01-29 09:31:56,1,1.0,-73.95397186279298,40.77299118041992,1,N,-73.96569061279298,40.765430450439446,1,9.5,0.0,0.5,1.5,0.0,0.3,11.8
347,2,2016-01-29 09:18:47,2016-01-29 09:38:15,1,2.17,-73.95794677734375,40.76094818115234,1,N,-73.95773315429686,40.78459930419922,1,13.5,0.0,0.5,2.86,0.0,0.3,17.16
348,1,2016-01-29 09:18:48,2016-01-29 09:20:25,1,0.3,-73.97483825683594,40.78792190551758,1,N,-73.97032165527342,40.79076385498047,2,3.5,0.0,0.5,0.0,0.0,0.3,4.3
349,1,2016-01-29 09:18:48,2016-01-29 09:30:58,1,1.7,-73.98917388916014,40.747989654541016,1,N,-73.96990966796875,40.762306213378906,1,9.5,0.0,0.5,2.0,0.0,0.3,12.3
350,1,2016-01-29 09:18:48,2016-01-29 09:25:10,1,1.0,-73.95298767089844,40.77674102783203,1,N,-73.9617919921875,40.76363754272461,1,6.0,0.0,0.5,1.0,0.0,0.3,7.8
351,1,2016-01-29 09:18:48,2016-01-29 09:32:28,2,1.1,-73.99409484863281,40.75119018554688,1,N,-74.00462341308595,40.74190902709961,1,10.0,0.0,0.5,2.7,0.0,0.3,13.5
352,1,2016-01-29 09:18:48,2016-01-29 09:33:01,1,1.1,-73.96731567382812,40.757591247558594,1,N,-73.980224609375,40.753055572509766,1,9.5,0.0,0.5,0.5,0.0,0.3,10.8
353,2,2016-01-29 09:18:48,2016-01-29 09:21:13,6,0.75,-73.9715118408203,40.78726959228516,1,N,-73.97048950195312,40.79386901855469,2,4.0,0.0,0.5,0.0,0.0,0.3,4.8
354,2,2016-01-29 09:18:48,2016-01-29 09:30:20,1,2.83,-73.90415954589844,40.77156066894531,1,N,-73.87506866455078,40.750930786132805,1,11.5,0.0,0.5,3.0,0.0,0.3,15.3
355,2,2016-01-29 09:18:48,2016-01-29 09:41:47,1,2.47,-73.98046112060547,40.73006057739258,1,N,-73.97341918945312,40.7542839050293,1,16.0,0.0,0.5,2.0,0.0,0.3,18.8
356,2,2016-01-29 09:18:48,2016-01-29 09:27:31,1,1.6,-74.01632690429686,40.71477890014648,1,N,-74.0011215209961,40.72111129760742,1,8.0,0.0,0.5,1.76,0.0,0.3,10.56
357,2,2016-01-29 09:18:48,2016-01-29 09:27:38,2,1.89,-73.98692321777342,40.7010612487793,1,N,-74.00279998779298,40.71783065795898,1,9.0,0.0,0.5,1.0,0.0,0.3,10.8
358,1,2016-01-29 09:18:49,2016-01-29 09:42:25,1,2.1,-73.9586181640625,40.77793884277344,1,N,-73.97498321533203,40.75276184082031,1,15.5,0.0,0.5,2.7,0.0,0.3,19.0
359,1,2016-01-29 09:18:49,2016-01-29 09:46:10,1,3.2,-73.98161315917967,40.74657440185546,1,N,-73.95386505126953,40.779579162597656,1,18.0,0.0,0.5,1.2,0.0,0.3,20.0
360,1,2016-01-29 09:18:49,2016-01-29 09:22:03,2,0.5,-73.98471069335938,40.754104614257805,1,N,-73.9793930053711,40.76160430908203,2,4.5,0.0,0.5,0.0,0.0,0.3,5.3
361,1,2016-01-29 09:18:50,2016-01-29 09:41:00,1,2.7,-73.98828125,40.74925231933594,1,N,-73.98946380615233,40.773048400878906,2,15.0,0.0,0.5,0.0,0.0,0.3,15.8
362,1,2016-01-29 09:18:50,2016-01-29 09:27:47,1,1.6,-73.98087310791014,40.78173065185546,1,N,-73.96784973144531,40.801921844482415,3,9.0,0.0,0.5,0.0,0.0,0.3,9.8
363,1,2016-01-29 09:18:50,2016-01-29 09:27:01,1,0.9,-73.97661590576173,40.75075149536133,1,N,-73.97489929199217,40.74175643920898,1,7.0,0.0,0.5,1.2,0.0,0.3,9.0
364,1,2016-01-29 09:18:50,2016-01-29 09:30:13,1,2.2,-73.99848175048828,40.725879669189446,1,N,-74.0078125,40.75153732299805,1,10.5,0.0,0.5,1.0,0.0,0.3,12.3
365,2,2016-01-29 09:18:50,2016-01-29 09:27:17,2,0.85,-73.98342895507811,40.7651596069336,1,N,-73.97412872314453,40.76242065429688,2,7.0,0.0,0.5,0.0,0.0,0.3,7.8
366,2,2016-01-29 09:18:50,2016-01-29 09:27:13,2,1.27,-73.96430206298828,40.79718017578125,1,N,-73.9535140991211,40.788307189941406,1,7.5,0.0,0.5,0.0,0.0,0.3,8.3
367,2,2016-01-29 09:18:50,2016-01-29 09:38:24,1,2.36,-73.9742889404297,40.79124069213867,1,N,-73.97575378417967,40.763763427734375,1,13.5,0.0,0.5,2.14,0.0,0.3,16.44
368,2,2016-01-29 09:18:50,2016-01-29 09:43:10,1,3.01,-73.97244262695312,40.79598236083984,1,N,-73.95314788818358,40.769161224365234,2,17.0,0.0,0.5,0.0,0.0,0.3,17.8
369,1,2016-01-29 09:18:51,2016-01-29 09:30:37,1,1.4,-73.98152160644531,40.721073150634766,1,N,-74.00322723388672,40.72696304321289,1,9.0,0.0,0.5,2.0,0.0,0.3,11.8
370,1,2016-01-29 09:18:51,2016-01-29 09:27:26,1,0.9,-73.9720230102539,40.762638092041016,1,N,-73.97064971923827,40.7542381286621,1,7.0,0.0,0.5,3.0,0.0,0.3,10.8
371,2,2016-01-29 09:18:51,2016-01-29 09:21:30,1,0.32,-73.96528625488281,40.771648406982415,1,N,-73.96347045898438,40.76866912841797,2,3.5,0.0,0.5,0.0,0.0,0.3,4.3
372,2,2016-01-29 09:18:51,2016-01-29 09:37:13,1,1.85,-73.98834991455078,40.769058227539055,1,N,-73.99320220947266,40.74795913696289,2,12.5,0.0,0.5,0.0,0.0,0.3,13.3
373,1,2016-01-29 09:18:52,2016-01-29 09:25:36,1,0.9,-73.98960876464844,40.74871063232422,1,N,-73.97684478759764,40.74856948852539,1,6.5,0.0,0.5,1.46,0.0,0.3,8.76
374,1,2016-01-29 09:18:52,2016-01-29 09:23:13,1,0.8,-73.96144104003906,40.777828216552734,1,N,-73.97242736816406,40.781227111816406,2,5.0,0.0,0.5,0.0,0.0,0.3,5.8
375,1,2016-01-29 09:18:52,2016-01-29 09:30:26,1,1.5,-73.99029541015625,40.771915435791016,1,N,-73.98865509033203,40.75666427612305,1,9.5,0.0,0.5,1.0,0.0,0.3,11.3
376,2,2016-01-29 09:18:52,2016-01-29 09:24:07,2,0.71,-73.97696685791014,40.7646484375,1,N,-73.9819107055664,40.77252960205078,2,5.5,0.0,0.5,0.0,0.0,0.3,6.3
377,2,2016-01-29 09:18:52,2016-01-29 09:35:29,1,1.55,0.0,0.0,1,N,0.0,0.0,1,11.0,0.0,0.5,2.36,0.0,0.3,14.16
378,1,2016-01-29 09:18:53,2016-01-29 09:30:08,1,1.8,-73.97509765625,40.78753662109375,1,N,-73.94867706298828,40.78636169433594,1,9.5,0.0,0.5,1.8,0.0,0.3,12.1
379,1,2016-01-29 09:18:53,2016-01-29 09:29:17,1,1.3,-73.99134063720702,40.74981689453125,1,N,-73.97865295410156,40.758892059326165,1,8.5,0.0,0.5,2.3,0.0,0.3,11.6
380,1,2016-01-29 09:18:53,2016-01-29 09:39:56,1,3.8,-73.987060546875,40.72230529785156,1,N,-73.9689712524414,40.75907516479492,1,17.5,0.0,0.5,2.0,0.0,0.3,20.3
381,2,2016-01-29 09:18:53,2016-01-29 09:24:05,2,0.97,-73.99442291259764,40.75665664672852,1,N,-74.0056915283203,40.750835418701165,1,5.5,0.0,0.5,1.89,0.0,0.3,8.19
382,2,2016-01-29 09:18:53,2016-01-29 09:46:09,1,4.35,-73.96145629882812,40.76024627685546,1,N,-73.99878692626953,40.73815155029297,1,21.0,0.0,0.5,1.0,0.0,0.3,22.8
383,2,2016-01-29 09:18:53,2016-01-29 09:34:14,1,2.71,-73.96095275878906,40.78108978271485,1,N,-73.96095275878906,40.78108978271485,1,12.5,0.0,0.5,2.66,0.0,0.3,15.96
384,2,2016-01-29 09:18:53,2016-01-29 09:47:19,1,4.9,-73.98223876953125,40.7647705078125,1,N,-74.01412200927734,40.712669372558594,1,21.0,0.0,0.5,4.36,0.0,0.3,26.16
385,2,2016-01-29 09:18:53,2016-01-29 09:49:58,1,3.23,-73.98338317871094,40.73899841308594,1,N,-73.99842071533203,40.757671356201165,2,16.5,0.0,0.5,0.0,0.0,0.3,17.3
386,1,2016-01-29 09:18:54,2016-01-29 09:29:45,1,1.0,-73.99687957763672,40.7375602722168,1,N,-73.9827423095703,40.73615646362305,1,8.5,0.0,0.5,2.75,0.0,0.3,12.05
387,1,2016-01-29 09:18:54,2016-01-29 09:41:32,1,7.8,-73.9815902709961,40.73248291015625,1,N,-73.94975280761719,40.812110900878906,1,26.0,0.0,0.5,5.35,0.0,0.3,32.15
388,2,2016-01-29 09:18:54,2016-01-29 09:28:31,1,1.92,-73.97801971435547,40.76390838623047,1,N,-73.96674346923827,40.77059173583984,2,8.0,0.0,0.5,0.0,0.0,0.3,8.8
389,2,2016-01-29 09:18:54,2016-01-29 10:08:47,2,12.93,-74.00077056884764,40.762310028076165,1,N,-73.86502838134764,40.77058029174805,1,46.0,0.0,0.5,10.47,5.54,0.3,62.81
390,1,2016-01-29 09:18:55,2016-01-29 09:29:30,1,0.6,-73.99662780761719,40.71520614624024,1,N,-73.99276733398438,40.72354507446289,1,7.5,0.0,0.5,1.0,0.0,0.3,9.3
391,2,2016-01-29 09:18:55,2016-01-29 09:26:00,5,0.68,-73.98985290527344,40.75672149658203,1,N,-73.98269653320312,40.76093292236328,1,6.0,0.0,0.5,1.36,0.0,0.3,8.16
392,1,2016-01-29 09:18:56,2016-01-29 09:32:38,1,1.4,-73.99496459960938,40.733192443847656,1,N,-73.97683715820312,40.73922729492188,1,9.5,0.0,0.5,2.05,0.0,0.3,12.35
393,1,2016-01-29 09:18:56,2016-01-29 09:38:43,2,1.9,-73.98941040039062,40.77272415161133,1,N,-73.97976684570312,40.75457763671875,1,13.5,0.0,0.5,2.0,0.0,0.3,16.3
394,2,2016-01-29 09:18:56,2016-01-29 09:20:37,1,0.5,-73.95789337158203,40.780517578125,1,N,-73.96348571777344,40.77730178833008,1,3.5,0.0,0.5,0.86,0.0,0.3,5.16
395,2,2016-01-29 09:18:56,2016-01-29 09:41:07,1,3.87,-73.99053192138672,40.75622177124024,1,N,-74.01129150390625,40.715240478515625,2,17.5,0.0,0.5,0.0,0.0,0.3,18.3
396,2,2016-01-29 09:18:56,2016-01-29 09:27:11,1,1.0,-74.00475311279298,40.71717834472656,1,N,-74.00707244873048,40.729351043701165,2,6.5,0.0,0.5,0.0,0.0,0.3,7.3
397,1,2016-01-29 09:18:57,2016-01-29 09:29:23,1,0.9,-73.9652328491211,40.775123596191406,1,N,-73.96620178222656,40.765018463134766,2,8.0,0.0,0.5,0.0,0.0,0.3,8.8
398,1,2016-01-29 09:18:57,2016-01-29 09:23:46,1,1.1,-73.97824096679686,40.773113250732415,1,N,-73.97148895263672,40.78640365600586,1,6.0,0.0,0.5,1.7,0.0,0.3,8.5
399,1,2016-01-29 09:18:57,2016-01-29 09:31:48,1,1.1,-73.96144104003906,40.75995635986328,1,N,-73.971435546875,40.751991271972656,1,9.5,0.0,0.5,2.55,0.0,0.3,12.85
400,1,2016-01-29 09:18:57,2016-01-29 09:30:24,1,1.2,-73.98231506347656,40.74753952026367,1,N,-73.9793930053711,40.761451721191406,2,9.0,0.0,0.5,0.0,0.0,0.3,9.8
401,2,2016-01-29 09:18:57,2016-01-29 09:32:22,1,1.52,-73.96056365966798,40.76602935791016,1,N,-73.97437286376953,40.74671173095703,2,10.0,0.0,0.5,0.0,0.0,0.3,10.8
402,2,2016-01-29 09:18:57,2016-01-29 09:24:45,1,1.33,-73.99012756347656,40.719329833984375,1,N,-73.98098754882812,40.73395156860352,2,6.5,0.0,0.5,0.0,0.0,0.3,7.3
403,2,2016-01-29 09:18:57,2016-01-29 09:41:34,6,2.8,-73.97062683105469,40.788330078125,1,N,-73.97744750976561,40.75672912597656,1,15.5,0.0,0.5,3.26,0.0,0.3,19.56
404,2,2016-01-29 09:18:57,2016-01-29 09:36:37,1,1.46,-73.97583770751953,40.74068069458008,1,N,-73.96919250488281,40.7576904296875,1,12.0,0.0,0.5,1.0,0.0,0.3,13.8
405,1,2016-01-29 09:18:58,2016-01-29 09:30:45,1,0.7,-73.97502899169923,40.74184799194336,1,N,-73.97354125976561,40.750091552734375,1,8.5,0.0,0.5,1.85,0.0,0.3,11.15
406,2,2016-01-29 09:18:58,2016-01-29 09:37:22,1,2.0,-73.99087524414062,40.73462677001953,1,N,-74.01163482666014,40.71499633789063,1,13.0,0.0,0.5,2.76,0.0,0.3,16.56
407,2,2016-01-29 09:18:58,2016-01-29 09:32:53,1,0.89,-73.98388671875,40.74428939819336,1,N,-73.98661804199219,40.75313949584961,1,9.5,0.0,0.5,3.09,0.0,0.3,13.39
408,2,2016-01-29 09:18:59,2016-01-29 09:45:19,1,2.75,-73.98043060302734,40.782371520996094,1,N,-73.97814178466798,40.75376892089844,1,17.0,0.0,0.5,3.56,0.0,0.3,21.36
409,2,2016-01-29 09:18:59,2016-01-29 09:29:55,1,0.45,-73.96576690673827,40.7544174194336,1,N,-73.96800994873048,40.75882339477539,1,8.0,0.0,0.5,1.76,0.0,0.3,10.56
410,1,2016-01-29 09:19:00,2016-01-29 09:27:37,1,1.1,-73.95697021484375,40.77060317993164,1,N,-73.96994018554686,40.76275634765625,1,7.0,0.0,0.5,1.55,0.0,0.3,9.35
411,1,2016-01-29 09:19:00,2016-01-29 09:40:12,1,2.1,-73.95928955078125,40.76914978027344,1,N,-73.97940826416014,40.745418548583984,1,14.0,0.0,0.5,2.95,0.0,0.3,17.75
412,2,2016-01-29 09:19:00,2016-01-29 09:51:54,6,4.95,-73.94572448730467,40.78190612792969,1,N,-73.99032592773438,40.740230560302734,2,24.0,0.0,0.5,0.0,0.0,0.3,24.8
413,2,2016-01-29 09:19:00,2016-01-29 09:22:59,1,0.37,-73.99944305419923,40.73373794555664,1,N,-73.99832916259764,40.738037109375,1,4.5,0.0,0.5,0.5,0.0,0.3,5.8
414,2,2016-01-29 09:19:00,2016-01-29 09:25:17,1,0.51,-73.98522186279298,40.73186874389648,1,N,-73.99365997314453,40.73512649536133,1,5.5,0.0,0.5,1.26,0.0,0.3,7.56
415,1,2016-01-29 09:19:01,2016-01-29 09:20:41,1,0.5,-73.97843170166014,40.77262878417969,1,N,-73.97406005859375,40.77858352661133,1,3.5,0.0,0.5,0.85,0.0,0.3,5.15
416,1,2016-01-29 09:19:01,2016-01-29 09:39:47,1,2.4,-73.9500274658203,40.78450775146485,1,N,-73.97338104248048,40.7575569152832,1,14.0,0.0,0.5,2.0,0.0,0.3,16.8
417,1,2016-01-29 09:19:01,2016-01-29 09:30:51,1,1.9,-73.98146057128906,40.76427459716797,1,N,-73.98084259033203,40.74508666992188,1,9.5,0.0,0.5,1.0,0.0,0.3,11.3
418,1,2016-01-29 09:19:01,2016-01-29 09:30:59,2,1.3,-73.98613739013672,40.76214218139648,1,N,-73.97414398193358,40.75061798095703,2,9.0,0.0,0.5,0.0,0.0,0.3,9.8
419,2,2016-01-29 09:19:01,2016-01-29 09:31:34,5,1.83,-73.98100280761719,40.76007080078125,1,N,-73.99191284179686,40.737918853759766,1,9.5,0.0,0.5,1.0,0.0,0.3,11.3
420,1,2016-01-29 09:19:02,2016-01-29 09:22:07,1,0.5,-74.01640319824217,40.714752197265625,1,N,-74.00958251953125,40.71877670288086,1,4.0,0.0,0.5,0.95,0.0,0.3,5.75
421,1,2016-01-29 09:19:02,2016-01-29 09:47:13,1,2.3,-73.963623046875,40.75869369506836,1,N,-73.99156188964845,40.74991607666016,1,17.5,0.0,0.5,4.55,0.0,0.3,22.85
422,1,2016-01-29 09:19:02,2016-01-29 09:32:20,1,1.7,-73.9752655029297,40.75105667114258,1,N,-73.95578002929686,40.76596450805664,2,10.0,0.0,0.5,0.0,0.0,0.3,10.8
423,1,2016-01-29 09:19:02,2016-01-29 09:50:34,1,8.6,-73.87093353271484,40.77375793457031,1,N,-73.98275756835938,40.74280548095703,1,30.5,0.0,0.5,7.36,5.54,0.3,44.2
424,2,2016-01-29 09:19:02,2016-01-29 09:22:25,2,0.72,-73.96221923828125,40.767578125,1,N,-73.95555877685547,40.77695083618164,2,4.5,0.0,0.5,0.0,0.0,0.3,5.3
425,2,2016-01-29 09:19:02,2016-01-29 09:26:00,1,0.86,-73.97238922119139,40.756881713867195,1,N,-73.9836196899414,40.76219177246094,2,6.0,0.0,0.5,0.0,0.0,0.3,6.8
426,2,2016-01-29 09:19:02,2016-01-29 09:19:06,1,0.0,-74.00518035888672,40.70600128173828,5,N,-74.00518035888672,40.70598602294922,2,65.0,0.0,0.5,0.0,0.0,0.3,65.8
427,2,2016-01-29 09:19:02,2016-01-29 09:36:21,6,1.72,-73.94595336914062,40.77545547485352,1,N,-73.9664535522461,40.76457595825195,1,12.0,0.0,0.5,2.56,0.0,0.3,15.36
428,2,2016-01-29 09:19:02,2016-01-29 09:39:03,2,2.53,-73.99066162109375,40.756080627441406,1,N,-73.9583969116211,40.76465225219727,2,14.0,0.0,0.5,0.0,0.0,0.3,14.8
429,2,2016-01-29 09:19:02,2016-01-29 09:23:48,1,0.54,-73.96630859375,40.76542282104492,1,N,-73.97039031982422,40.7583122253418,1,5.0,0.0,0.5,1.16,0.0,0.3,6.96
430,2,2016-01-29 09:19:02,2016-01-29 09:38:55,1,2.08,-73.95368194580078,40.76669692993164,1,N,-73.98179626464844,40.76314163208008,1,13.5,0.0,0.5,2.86,0.0,0.3,17.16
431,2,2016-01-29 09:19:02,2016-01-29 09:26:20,1,0.82,-73.97903442382812,40.75099563598633,1,N,-73.98577117919923,40.7407341003418,2,6.5,0.0,0.5,0.0,0.0,0.3,7.3
432,2,2016-01-29 09:19:02,2016-01-29 09:37:52,1,2.17,-73.9703369140625,40.78382110595703,1,N,-73.9753646850586,40.76103973388672,2,13.5,0.0,0.5,0.0,0.0,0.3,14.3
433,1,2016-01-29 09:19:03,2016-01-29 09:22:20,1,0.7,-74.00880432128906,40.71946334838867,1,N,-74.00709533691406,40.728633880615234,2,4.5,0.0,0.5,0.0,0.0,0.3,5.3
434,1,2016-01-29 09:19:03,2016-01-29 09:25:55,1,2.0,-73.872802734375,40.773834228515625,1,N,-73.90664672851561,40.770034790039055,2,8.5,0.0,0.5,0.0,0.0,0.3,9.3
435,1,2016-01-29 09:19:03,2016-01-29 09:29:44,1,1.6,-73.96766662597656,40.80282974243164,1,N,-73.98124694824217,40.78121566772461,1,9.0,0.0,0.5,1.95,0.0,0.3,11.75
436,1,2016-01-29 09:19:03,2016-01-29 09:29:34,1,1.7,-74.00623321533203,40.748584747314446,1,N,-74.00503540039062,40.7289924621582,1,9.5,0.0,0.5,2.05,0.0,0.3,12.35
437,2,2016-01-29 09:19:03,2016-01-29 09:35:13,2,4.76,-73.9700698852539,40.75268173217773,1,N,-74.00595092773438,40.70610809326172,2,17.0,0.0,0.5,0.0,0.0,0.3,17.8
438,2,2016-01-29 09:19:03,2016-01-29 09:35:13,4,4.18,-73.96746063232422,40.80323028564453,1,N,-74.00396728515625,40.7589111328125,2,15.5,0.0,0.5,0.0,0.0,0.3,16.3
439,2,2016-01-29 09:19:03,2016-01-29 09:32:41,1,3.68,-73.95559692382812,40.77193832397461,1,N,-73.97467041015625,40.7330207824707,1,14.0,0.0,0.5,3.7,0.0,0.3,18.5
440,2,2016-01-29 09:19:03,2016-01-29 09:31:16,1,1.1,-73.96175384521484,40.77365112304688,1,N,-73.96771240234375,40.76185607910156,1,9.0,0.0,0.5,1.96,0.0,0.3,11.76
441,1,2016-01-29 09:19:04,2016-01-29 09:37:48,1,2.0,-73.98126983642578,40.78196334838867,1,N,-73.96942138671875,40.76295471191406,1,13.0,0.0,0.5,2.75,0.0,0.3,16.55
442,2,2016-01-29 09:19:04,2016-01-29 09:43:01,1,2.69,-73.95227813720702,40.781131744384766,1,N,-73.98137664794923,40.76331329345703,1,16.0,0.0,0.5,1.2,0.0,0.3,18.0
443,2,2016-01-29 09:19:04,2016-01-29 09:35:01,2,3.1,-73.98119354248048,40.75976943969727,1,N,-74.0018081665039,40.72441101074219,1,13.0,0.0,0.5,2.76,0.0,0.3,16.56
444,2,2016-01-29 09:19:04,2016-01-29 09:26:12,1,0.84,-73.9856185913086,40.727149963378906,1,N,-73.99079132080078,40.734859466552734,1,6.5,0.0,0.5,1.0,0.0,0.3,8.3
445,2,2016-01-29 09:19:04,2016-01-29 09:25:42,5,0.66,-73.95935821533203,40.771881103515625,1,N,-73.96605682373048,40.7647590637207,1,6.0,0.0,0.5,1.7,0.0,0.3,8.5
446,1,2016-01-29 09:19:05,2016-01-29 09:44:49,1,1.5,-73.98005676269531,40.74336624145508,1,N,-73.9852523803711,40.7579460144043,2,15.5,0.0,0.5,0.0,0.0,0.3,16.3
447,1,2016-01-29 09:19:05,2016-01-29 09:28:50,1,1.0,-73.98335266113281,40.75600814819336,1,N,-73.96963500976561,40.75856399536133,1,7.5,0.0,0.5,1.65,0.0,0.3,9.95
448,1,2016-01-29 09:19:05,2016-01-29 09:28:41,1,0.9,-73.97483825683594,40.75600051879882,1,N,-73.97538757324217,40.76529312133789,1,7.5,0.0,0.5,1.65,0.0,0.3,9.95
449,1,2016-01-29 09:19:05,2016-01-29 09:19:05,1,0.0,-74.00994873046875,40.703250885009766,1,N,0.0,0.0,2,3.5,0.0,0.5,0.0,0.0,0.3,4.3
450,2,2016-01-29 09:19:05,2016-01-29 09:30:19,2,2.38,-73.98072814941406,40.76438903808594,1,N,-74.00536346435547,40.7412109375,1,10.0,0.0,0.5,2.7,0.0,0.3,13.5
451,2,2016-01-29 09:19:05,2016-01-29 09:37:03,5,1.91,-73.95274353027344,40.778465270996094,1,N,-73.97078704833984,40.76080322265625,1,12.0,0.0,0.5,1.5,0.0,0.3,14.3
452,2,2016-01-29 09:19:05,2016-01-29 09:26:31,1,1.34,-74.00112915039062,40.72745132446289,1,N,-73.98828125,40.73755645751953,1,7.0,0.0,0.5,0.0,0.0,0.3,7.8
453,2,2016-01-29 09:19:05,2016-01-29 09:26:33,5,1.28,-73.94648742675781,40.780670166015625,1,N,-73.95906829833984,40.77471160888672,2,7.0,0.0,0.5,0.0,0.0,0.3,7.8
454,1,2016-01-29 09:19:06,2016-01-29 09:27:31,1,0.5,-73.96360015869139,40.76864242553711,1,N,-73.95748138427734,40.7683982849121,1,6.5,0.0,0.5,1.8,0.0,0.3,9.1
455,1,2016-01-29 09:19:06,2016-01-29 09:23:09,2,0.6,-73.98755645751953,40.75453567504882,1,N,-73.98797607421875,40.74826431274414,2,4.5,0.0,0.5,0.0,0.0,0.3,5.3
456,1,2016-01-29 09:19:06,2016-01-29 09:37:10,1,1.3,-74.00112915039062,40.741748809814446,1,N,-73.98390197753906,40.74617767333984,1,12.0,0.0,0.5,2.0,0.0,0.3,14.8
457,1,2016-01-29 09:19:06,2016-01-29 09:28:48,1,1.2,-73.99903106689453,40.73423767089844,1,N,-73.98682403564453,40.74604415893555,1,8.0,0.0,0.5,1.75,0.0,0.3,10.55
458,2,2016-01-29 09:19:06,2016-01-29 09:35:36,5,1.07,-73.96185302734375,40.75952911376953,1,N,-73.97408294677734,40.75962066650391,1,11.0,0.0,0.5,2.95,0.0,0.3,14.75
459,2,2016-01-29 09:19:06,2016-01-29 09:47:31,1,2.99,-73.96070861816406,40.77563095092773,1,N,-73.99256896972656,40.74826049804688,2,18.0,0.0,0.5,0.0,0.0,0.3,18.8
460,2,2016-01-29 09:19:06,2016-01-29 09:48:52,5,5.02,-73.98065948486328,40.76596832275391,1,N,-74.01451110839844,40.71427154541016,1,22.5,0.0,0.5,2.0,0.0,0.3,25.3
461,1,2016-01-29 09:19:07,2016-01-29 09:28:57,1,1.4,-73.99616241455078,40.748573303222656,1,N,-73.98320770263672,40.76629257202149,2,8.0,0.0,0.5,0.0,0.0,0.3,8.8
462,1,2016-01-29 09:19:07,2016-01-29 09:34:56,1,1.5,-73.98722076416014,40.733055114746094,1,N,-73.99249267578125,40.7138900756836,2,11.5,0.0,0.5,0.0,0.0,0.3,12.3
463,1,2016-01-29 09:19:07,2016-01-29 09:29:36,1,0.7,-73.96793365478516,40.75241470336913,1,N,-73.97836303710938,40.74992370605469,2,8.0,0.0,0.5,0.0,0.0,0.3,8.8
464,1,2016-01-29 09:19:07,2016-01-29 09:27:06,1,0.7,-73.94818878173827,40.77051162719727,1,N,-73.95964813232422,40.773773193359375,2,6.5,0.0,0.5,0.0,0.0,0.3,7.3
465,1,2016-01-29 09:19:07,2016-01-29 09:28:07,1,0.9,-73.98938751220702,40.757709503173835,1,N,-73.97875213623048,40.76261520385742,1,7.0,0.0,0.5,1.55,0.0,0.3,9.35
466,2,2016-01-29 09:19:07,2016-01-29 09:24:21,1,0.97,-73.9818115234375,40.73235702514648,1,N,-73.98738861083984,40.725345611572266,1,5.5,0.0,0.5,1.26,0.0,0.3,7.56
467,1,2016-01-29 09:19:08,2016-01-29 09:30:46,1,1.5,-73.9549331665039,40.783027648925774,1,N,-73.96894073486328,40.76366424560546,1,9.5,0.0,0.5,1.5,0.0,0.3,11.8
468,1,2016-01-29 09:19:08,2016-01-29 09:28:56,2,1.4,-73.98681640625,40.73948287963867,1,N,-73.97450256347656,40.756385803222656,1,8.0,0.0,0.5,1.0,0.0,0.3,9.8
469,1,2016-01-29 09:19:08,2016-01-29 09:39:43,1,2.7,-73.99911499023438,40.739307403564446,1,N,-73.97547912597656,40.76446914672852,1,14.0,0.0,0.5,1.0,0.0,0.3,15.8
470,2,2016-01-29 09:19:08,2016-01-29 09:22:10,1,0.67,-73.98331451416014,40.75689315795898,1,N,-73.97676849365233,40.76459503173828,1,4.5,0.0,0.5,1.59,0.0,0.3,6.89
471,2,2016-01-29 09:19:08,2016-01-29 09:24:05,1,0.35,-73.97702026367188,40.75197982788086,1,N,-73.97258758544923,40.7535514831543,1,5.0,0.0,0.5,1.16,0.0,0.3,6.96
472,2,2016-01-29 09:19:08,2016-01-29 09:44:19,2,9.8,-73.77667236328125,40.64539337158203,1,N,-73.922119140625,40.67348098754882,2,29.5,0.0,0.5,0.0,0.0,0.3,30.3
473,2,2016-01-29 09:19:08,2016-01-29 09:30:21,1,1.13,-73.97824859619139,40.77309799194336,1,N,-73.97459411621094,40.76189804077149,1,8.5,0.0,0.5,1.0,0.0,0.3,10.3
474,2,2016-01-29 09:19:08,2016-01-29 09:32:14,1,1.45,-73.99667358398438,40.75282287597656,1,N,-73.98313903808595,40.75628662109375,1,9.5,0.0,0.5,2.06,0.0,0.3,12.36
475,1,2016-01-29 09:19:09,2016-01-29 09:39:26,1,3.3,-73.95281982421875,40.7673225402832,1,N,-73.98789978027342,40.74080276489258,2,16.5,0.0,0.5,0.0,0.0,0.3,17.3
476,1,2016-01-29 09:19:09,2016-01-29 09:34:14,1,1.1,-74.00674438476561,40.74399566650391,1,N,-73.99058532714845,40.74219512939453,1,10.5,0.0,0.5,2.25,0.0,0.3,13.55
477,2,2016-01-29 09:19:09,2016-01-29 09:45:14,1,3.24,-73.94817352294923,40.77437973022461,1,N,-73.9837417602539,40.7569694519043,1,17.5,0.0,0.5,4.58,0.0,0.3,22.88
478,2,2016-01-29 09:19:09,2016-01-29 09:27:59,1,1.53,-73.99852752685547,40.74037170410156,1,N,-74.001708984375,40.72142028808594,1,8.0,0.0,0.5,1.76,0.0,0.3,10.56
479,2,2016-01-29 09:19:09,2016-01-29 09:24:27,2,0.83,-73.95941925048828,40.76309967041016,1,N,-73.956787109375,40.774879455566406,2,5.5,0.0,0.5,0.0,0.0,0.3,6.3
480,1,2016-01-29 09:19:10,2016-01-29 09:28:51,1,1.0,-73.97924041748048,40.749942779541016,1,N,-73.9675521850586,40.75771713256836,1,7.5,0.0,0.5,2.05,0.0,0.3,10.35
481,1,2016-01-29 09:19:10,2016-01-29 09:24:44,1,0.7,-73.94853973388672,40.78192138671875,1,N,-73.95524597167967,40.77262878417969,2,5.5,0.0,0.5,0.0,0.0,0.3,6.3
482,2,2016-01-29 09:19:10,2016-01-29 09:32:57,1,0.79,-73.94483184814453,40.78313064575195,1,N,-73.95023345947266,40.790130615234375,1,9.5,0.0,0.5,2.0,0.0,0.3,12.3
483,2,2016-01-29 09:19:10,2016-01-29 09:57:10,1,4.1,-73.99123382568358,40.770057678222656,1,N,-74.00479888916014,40.72280883789063,1,24.0,0.0,0.5,4.96,0.0,0.3,29.76
484,2,2016-01-29 09:19:10,2016-01-29 09:41:56,2,5.82,-74.00912475585938,40.7039451599121,1,N,-73.96031188964844,40.76203536987305,2,21.0,0.0,0.5,0.0,0.0,0.3,21.8
485,2,2016-01-29 09:19:10,2016-01-29 09:36:24,2,3.77,-73.99182891845702,40.72605514526367,1,N,-74.0107879638672,40.70172882080078,1,16.0,0.0,0.5,4.2,0.0,0.3,21.0
486,1,2016-01-29 09:19:11,2016-01-29 09:23:09,1,0.5,-73.9844970703125,40.74847030639648,1,N,-73.9904556274414,40.745166778564446,1,4.5,0.0,0.5,1.55,0.0,0.3,6.85
487,1,2016-01-29 09:19:11,2016-01-29 09:27:42,1,1.5,-73.97750091552734,40.77690887451172,1,N,-73.96995544433594,40.7945671081543,2,8.0,0.0,0.5,0.0,0.0,0.3,8.8
488,2,2016-01-29 09:19:11,2016-01-29 09:30:32,4,1.43,-73.97982788085938,40.75954055786133,1,N,-73.99146270751953,40.74726104736328,2,8.5,0.0,0.5,0.0,0.0,0.3,9.3
489,2,2016-01-29 09:19:11,2016-01-30 09:09:35,4,3.34,-73.97464752197266,40.79360580444336,1,N,-73.9746551513672,40.75757598876953,1,16.5,0.0,0.5,4.32,0.0,0.3,21.62
490,2,2016-01-29 09:19:11,2016-01-29 09:35:15,1,1.69,-73.99411010742188,40.751171112060554,1,N,-73.97505950927734,40.74176025390625,1,11.0,0.0,0.5,2.36,0.0,0.3,14.16
491,2,2016-01-29 09:19:11,2016-01-29 09:30:23,1,1.69,-73.99777984619139,40.72432327270508,1,N,-74.0163803100586,40.71688461303711,1,8.5,0.0,0.5,1.86,0.0,0.3,11.16
492,2,2016-01-29 09:19:11,2016-01-29 09:29:43,5,1.39,-74.00669860839844,40.73130035400391,1,N,-74.01351165771484,40.71495819091797,1,9.0,0.0,0.5,1.96,0.0,0.3,11.76
493,2,2016-01-29 09:19:11,2016-01-29 09:28:01,6,0.95,-73.98119354248048,40.74138259887695,1,N,-73.99162292480467,40.73887634277344,1,7.0,0.0,0.5,0.0,0.0,0.3,7.8
494,2,2016-01-29 09:19:11,2016-01-29 09:35:44,2,0.75,-73.96507263183594,40.7551383972168,1,N,-73.97576904296875,40.7603759765625,2,10.5,0.0,0.5,0.0,0.0,0.3,11.3
495,1,2016-01-29 09:19:12,2016-01-29 09:28:34,1,0.8,-73.9781951904297,40.7524528503418,1,N,-73.99005126953125,40.75153350830078,1,7.5,0.0,0.5,0.5,0.0,0.3,8.8
496,1,2016-01-29 09:19:12,2016-01-29 09:43:09,1,2.1,-73.98285675048828,40.74496841430664,1,N,-74.00830078125,40.73775100708008,1,15.5,0.0,0.5,3.25,0.0,0.3,19.55
497,1,2016-01-29 09:19:12,2016-01-29 09:36:04,1,1.2,-73.99952697753906,40.73864364624024,1,N,-74.00772094726561,40.751312255859375,1,11.5,0.0,0.5,2.45,0.0,0.3,14.75
498,2,2016-01-29 09:19:12,2016-01-29 09:35:17,1,2.84,-73.95333099365233,40.81108856201172,1,N,-73.98056793212889,40.78311538696289,1,13.0,0.0,0.5,4.14,0.0,0.3,17.94
499,1,2016-01-29 09:19:13,2016-01-29 09:33:35,1,1.7,-73.99131774902342,40.74982070922852,1,N,-73.97762298583984,40.75686264038086,1,10.5,0.0,0.5,3.35,0.0,0.3,14.65
500,1,2016-01-29 09:19:13,2016-01-29 09:27:27,1,0.5,0.0,0.0,1,N,0.0,0.0,1,6.5,0.0,0.5,1.25,0.0,0.3,8.55
501,2,2016-01-29 09:19:13,2016-01-29 09:28:26,1,0.79,-73.97215270996092,40.7590217590332,1,N,-73.98493957519531,40.76013946533203,1,7.0,0.0,0.5,1.56,0.0,0.3,9.36
502,1,2016-01-29 09:19:14,2016-01-29 09:52:42,1,19.1,-73.94864654541014,40.773868560791016,2,N,-73.77632141113281,40.64543533325195,1,52.0,0.0,0.5,11.65,5.54,0.3,69.99
503,1,2016-01-29 09:19:14,2016-01-29 09:25:26,1,0.6,-74.00162506103516,40.709259033203125,1,N,-73.99591064453125,40.71643829345703,2,5.5,0.0,0.5,0.0,0.0,0.3,6.3
504,1,2016-01-29 09:19:14,2016-01-29 09:23:07,1,0.6,-73.9799575805664,40.75448226928711,1,N,-73.98621368408203,40.74601364135742,1,4.5,0.0,0.5,1.5,0.0,0.3,6.8
505,2,2016-01-29 09:19:14,2016-01-29 09:23:55,1,0.68,-73.99784088134764,40.72596740722656,1,N,-74.00503540039062,40.73180389404297,2,5.0,0.0,0.5,0.0,0.0,0.3,5.8
506,1,2016-01-29 09:19:15,2016-01-29 09:35:16,1,1.7,-73.9612045288086,40.76912307739258,1,N,-73.97610473632812,40.75044631958008,1,11.0,0.0,0.5,3.0,0.0,0.3,14.8
507,1,2016-01-29 09:19:15,2016-01-29 09:21:55,1,0.3,-73.97704315185547,40.75911712646485,1,N,-73.98270416259764,40.76169967651367,1,3.5,0.0,0.5,0.21,0.0,0.3,4.51
508,1,2016-01-29 09:19:15,2016-01-29 09:25:49,1,0.8,-73.99128723144531,40.74960708618164,1,N,-73.98069763183594,40.751026153564446,2,6.0,0.0,0.5,0.0,0.0,0.3,6.8
509,2,2016-01-29 09:19:15,2016-01-29 09:36:13,1,1.87,-73.96075439453125,40.769577026367195,1,N,-73.981689453125,40.75830841064453,1,12.0,0.0,0.5,2.56,0.0,0.3,15.36
510,2,2016-01-29 09:19:15,2016-01-29 09:39:39,4,3.81,-73.95018005371094,40.7712287902832,1,N,-73.98784637451173,40.737571716308594,1,17.0,0.0,0.5,3.56,0.0,0.3,21.36
511,1,2016-01-29 09:19:16,2016-01-29 09:29:07,1,0.4,-73.99022674560547,40.767044067382805,1,N,-73.98395538330078,40.76686096191406,1,7.5,0.0,0.5,1.0,0.0,0.3,9.3
512,1,2016-01-29 09:19:16,2016-01-29 09:44:07,1,3.2,-73.97930145263672,40.77660751342773,1,N,-74.0079574584961,40.742012023925774,1,17.5,0.0,0.5,3.65,0.0,0.3,21.95
513,1,2016-01-29 09:19:16,2016-01-29 10:10:56,3,20.7,-73.9172134399414,40.7707405090332,1,N,-73.9172134399414,40.7707405090332,2,60.5,0.0,0.5,0.0,0.0,0.3,61.3
514,1,2016-01-29 09:19:16,2016-01-29 09:26:35,1,1.2,-73.98381042480467,40.73823165893555,1,N,-73.99529266357422,40.72516250610352,1,7.0,0.0,0.5,1.55,0.0,0.3,9.35
515,1,2016-01-29 09:19:16,2016-01-29 09:24:04,1,0.6,-73.99054718017578,40.745899200439446,1,N,-73.9920883178711,40.737918853759766,1,5.0,0.0,0.5,1.15,0.0,0.3,6.95
516,2,2016-01-29 09:19:16,2016-01-29 09:42:42,1,4.28,-73.9980926513672,40.732940673828125,1,N,-73.95337677001953,40.7646484375,1,18.5,0.0,0.5,3.86,0.0,0.3,23.16
517,2,2016-01-29 09:19:16,2016-01-30 08:57:42,6,0.81,-73.9596176147461,40.758426666259766,1,N,-73.97200775146483,40.76067733764648,2,10.0,0.0,0.5,0.0,0.0,0.3,10.8
518,1,2016-01-29 09:19:17,2016-01-29 09:43:12,1,2.3,-73.98444366455078,40.774707794189446,1,N,-73.97309875488281,40.75339889526367,1,15.5,0.0,0.5,3.25,0.0,0.3,19.55
519,1,2016-01-29 09:19:17,2016-01-29 09:29:14,1,1.0,-73.9721450805664,40.7454833984375,1,N,-73.97057342529298,40.756546020507805,1,8.0,0.0,0.5,2.0,0.0,0.3,10.8
520,1,2016-01-29 09:19:17,2016-01-29 09:27:45,1,1.2,-73.96916961669923,40.76391220092773,1,N,-73.9524688720703,40.768646240234375,1,7.5,0.0,0.5,1.65,0.0,0.3,9.95
521,2,2016-01-29 09:19:17,2016-01-29 09:31:37,1,2.3,-74.00599670410156,40.71421051025391,1,N,-74.00611114501953,40.74127960205078,1,11.0,0.0,0.5,2.36,0.0,0.3,14.16
522,2,2016-01-29 09:19:17,2016-01-29 09:49:18,5,3.39,-74.0039520263672,40.72195816040039,1,N,-73.97595977783203,40.76105117797852,1,19.5,0.0,0.5,4.06,0.0,0.3,24.36
523,2,2016-01-29 09:19:17,2016-01-29 09:23:41,1,0.57,-73.97028350830078,40.78913879394531,1,N,-73.96639251708984,40.79333114624024,2,5.0,0.0,0.5,0.0,0.0,0.3,5.8
524,2,2016-01-29 09:19:17,2016-01-29 09:46:10,3,5.65,-73.96795654296875,40.80224990844727,1,N,-74.00662231445312,40.73979949951172,2,22.0,0.0,0.5,0.0,0.0,0.3,22.8
525,1,2016-01-29 09:19:18,2016-01-29 09:30:49,1,0.8,-73.99150085449217,40.74920272827149,1,N,-73.98820495605469,40.74118041992188,2,8.5,0.0,0.5,0.0,0.0,0.3,9.3
526,1,2016-01-29 09:19:18,2016-01-29 09:50:24,1,6.1,-73.97931671142578,40.74958801269531,1,N,-74.01111602783203,40.70872497558594,1,26.5,0.0,0.5,5.45,0.0,0.3,32.75
527,1,2016-01-29 09:19:18,2016-01-29 09:31:28,1,1.7,-73.9505157470703,40.7793197631836,1,N,-73.96471405029298,40.75807189941406,2,9.5,0.0,0.5,0.0,0.0,0.3,10.3
528,2,2016-01-29 09:19:18,2016-01-29 09:46:22,1,3.52,-74.00861358642578,40.714447021484375,1,N,-73.97891235351561,40.75748062133789,1,18.5,0.0,0.5,0.0,0.0,0.3,19.3
529,1,2016-01-29 09:19:19,2016-01-29 09:26:13,1,0.7,-73.954345703125,40.76599884033203,1,N,-73.96382141113281,40.76783752441406,1,6.0,0.0,0.5,1.35,0.0,0.3,8.15
530,1,2016-01-29 09:19:19,2016-01-29 09:33:02,1,1.5,-73.95510101318358,40.773075103759766,1,N,-73.97330474853516,40.76421356201172,2,10.0,0.0,0.5,0.0,0.0,0.3,10.8
531,1,2016-01-29 09:19:19,2016-01-29 09:23:36,1,0.8,-73.97491455078125,40.793113708496094,1,N,-73.98159790039062,40.78341674804688,1,5.0,0.0,0.5,1.0,0.0,0.3,6.8
532,1,2016-01-29 09:19:19,2016-01-29 09:29:15,1,1.1,-73.99805450439453,40.7458610534668,1,N,-73.99158477783203,40.735382080078125,2,7.5,0.0,0.5,0.0,0.0,0.3,8.3
533,2,2016-01-29 09:19:19,2016-01-29 09:50:35,1,5.83,-73.99420166015625,40.76324081420898,1,N,-74.0079574584961,40.70693588256836,1,24.0,0.0,0.5,4.96,0.0,0.3,29.76
534,2,2016-01-29 09:19:19,2016-01-29 09:27:16,1,1.02,-73.99078369140625,40.756546020507805,1,N,-73.98244476318358,40.75114822387695,2,7.0,0.0,0.5,0.0,0.0,0.3,7.8
535,2,2016-01-29 09:19:19,2016-01-29 09:30:25,3,2.1,-73.87476348876953,40.7739372253418,1,N,-73.88224792480467,40.75431060791016,1,10.0,0.0,0.5,2.16,0.0,0.3,12.96
536,2,2016-01-29 09:19:19,2016-01-29 09:27:05,5,1.21,-73.9820785522461,40.768081665039055,1,N,-73.96701049804686,40.76912307739258,1,7.0,0.0,0.5,1.56,0.0,0.3,9.36
537,2,2016-01-29 09:19:19,2016-01-29 09:22:19,2,0.71,-73.96432495117188,40.77326965332031,1,N,-73.95775604248048,40.77962112426758,1,4.5,0.0,0.5,1.32,0.0,0.3,6.62
538,1,2016-01-29 09:19:20,2016-01-29 09:42:46,1,6.2,-74.00885772705078,40.7041244506836,1,Y,-73.95413208007811,40.765228271484375,1,22.0,0.0,0.5,4.55,0.0,0.3,27.35
539,2,2016-01-29 09:19:20,2016-01-29 09:32:17,1,1.42,-74.0027084350586,40.7446174621582,1,N,-74.00654602050781,40.72656631469727,1,9.5,0.0,0.5,2.0,0.0,0.3,12.3
540,2,2016-01-29 09:19:20,2016-01-29 09:51:49,1,3.09,-73.99781799316406,40.75654983520508,1,N,-74.0025634765625,40.72489929199219,1,20.5,0.0,0.5,0.0,0.0,0.3,21.3
541,2,2016-01-29 09:19:20,2016-01-29 09:32:37,5,1.69,-73.9729995727539,40.79343795776367,1,N,-73.95258331298828,40.78482437133789,2,10.0,0.0,0.5,0.0,0.0,0.3,10.8
542,2,2016-01-29 09:19:20,2016-01-29 09:35:13,1,2.25,0.0,0.0,1,N,0.0,0.0,1,12.0,0.0,0.5,1.5,0.0,0.3,14.3
543,1,2016-01-29 09:19:21,2016-01-29 09:30:07,1,2.7,-73.96062469482422,40.769824981689446,1,N,-73.93231201171875,40.79497909545898,2,10.5,0.0,0.5,0.0,0.0,0.3,11.3
544,2,2016-01-29 09:19:21,2016-01-29 09:29:27,3,1.23,-73.99671173095702,40.7237434387207,1,N,-74.01041412353516,40.720306396484375,1,8.0,0.0,0.5,1.0,0.0,0.3,9.8
545,2,2016-01-29 09:19:21,2016-01-29 09:24:14,2,0.59,-73.97994232177734,40.75414657592773,1,N,-73.98562622070312,40.75458526611328,1,5.0,0.0,0.5,1.16,0.0,0.3,6.96
546,2,2016-01-29 09:19:21,2016-01-29 09:27:13,5,0.92,-73.98195648193358,40.776248931884766,1,N,-73.97280883789062,40.7823486328125,1,7.0,0.0,0.5,1.56,0.0,0.3,9.36
547,1,2016-01-29 09:19:22,2016-01-29 09:35:50,1,1.5,-73.9716567993164,40.74644470214844,1,N,-73.97296905517578,40.76226043701172,2,11.5,0.0,0.5,0.0,0.0,0.3,12.3
548,1,2016-01-29 09:19:22,2016-01-29 09:44:07,1,13.3,-74.0157699584961,40.71115493774414,1,N,-73.8724365234375,40.7745361328125,1,37.5,0.0,0.5,7.65,0.0,0.3,45.95
549,1,2016-01-29 09:19:22,2016-01-29 09:37:47,1,2.3,-73.9742660522461,40.7913932800293,1,N,-73.94410705566406,40.77603530883789,1,13.0,0.0,0.5,1.5,0.0,0.3,15.3
550,2,2016-01-29 09:19:22,2016-01-29 10:01:30,5,8.76,-73.97740936279298,40.75300216674805,1,N,-73.86187744140625,40.76844024658203,1,35.0,0.0,0.5,10.74,0.0,0.3,46.54
551,1,2016-01-29 09:19:23,2016-01-29 09:37:18,1,1.2,-73.97855377197266,40.684585571289055,1,N,-73.99244689941406,40.693939208984375,1,11.5,0.0,0.5,2.45,0.0,0.3,14.75
552,1,2016-01-29 09:19:23,2016-01-29 09:51:46,1,10.3,-73.98577117919923,40.760078430175774,1,N,-73.8616485595703,40.76829147338867,1,33.5,0.0,0.5,7.95,5.54,0.3,47.79
553,1,2016-01-29 09:19:23,2016-01-29 09:28:06,1,1.3,-73.9621810913086,40.767616271972656,1,N,-73.9648208618164,40.7556037902832,2,7.5,0.0,0.5,0.0,0.0,0.3,8.3
554,1,2016-01-29 09:19:23,2016-01-29 09:23:32,1,0.4,-73.9959259033203,40.759273529052734,1,N,-74.00074005126953,40.75832748413086,2,4.5,0.0,0.5,0.0,0.0,0.3,5.3
555,2,2016-01-29 09:19:23,2016-01-29 09:46:07,1,2.28,-73.97367095947266,40.7430534362793,1,N,-73.98157501220702,40.76622009277344,1,17.0,0.0,0.5,3.56,0.0,0.3,21.36
556,2,2016-01-29 09:19:23,2016-01-29 09:30:20,1,0.69,-73.96588134765625,40.75437927246094,1,N,-73.97392272949219,40.75225067138672,2,8.0,0.0,0.5,0.0,0.0,0.3,8.8
557,2,2016-01-29 09:19:23,2016-01-29 09:29:09,2,2.85,-73.99034881591797,40.718994140625,1,N,-74.01091766357422,40.701778411865234,1,11.5,0.0,0.5,1.23,0.0,0.3,13.53
558,1,2016-01-29 09:19:24,2016-01-29 09:22:53,1,0.7,-73.99138641357422,40.765262603759766,1,N,-73.98447418212889,40.7746696472168,1,4.5,0.0,0.5,1.0,0.0,0.3,6.3
559,1,2016-01-29 09:19:24,2016-01-29 09:21:50,1,0.7,-73.99656677246092,40.7532958984375,1,N,-74.00539398193358,40.74828338623047,2,4.0,0.0,0.5,0.0,0.0,0.3,4.8
560,1,2016-01-29 09:19:24,2016-01-29 09:46:57,1,4.3,-73.99293518066406,40.73163604736328,1,N,-73.95761871337889,40.76828002929688,1,21.0,0.0,0.5,4.35,0.0,0.3,26.15
561,2,2016-01-29 09:19:24,2016-01-29 09:25:47,1,0.72,-73.95552062988281,40.77936172485352,1,N,-73.94567108154298,40.78057861328125,2,6.0,0.0,0.5,0.0,0.0,0.3,6.8
562,2,2016-01-29 09:19:24,2016-01-29 09:21:55,5,0.74,-73.95671081542967,40.780059814453125,1,N,-73.9561996459961,40.7842903137207,1,5.0,0.0,0.5,1.16,0.0,0.3,6.96
563,2,2016-01-29 09:19:24,2016-01-29 09:23:57,1,0.65,-74.00634002685547,40.73323059082031,1,N,-74.00112915039062,40.74160003662109,1,5.0,0.0,0.5,1.16,0.0,0.3,6.96
564,2,2016-01-29 09:19:24,2016-01-29 09:43:13,1,2.48,-73.98978424072266,40.756614685058594,1,N,-73.95848083496092,40.764263153076165,1,15.5,0.0,0.5,1.7,0.0,0.3,18.0
565,1,2016-01-29 09:19:25,2016-01-29 09:36:12,1,1.9,-73.95629119873048,40.76795959472656,1,N,-73.982421875,40.768646240234375,1,11.5,0.0,0.5,3.05,0.0,0.3,15.35
566,2,2016-01-29 09:19:25,2016-01-29 09:30:11,5,1.45,-73.95857238769531,40.80046081542969,1,N,-73.9531707763672,40.78609085083008,2,9.0,0.0,0.5,0.0,0.0,0.3,9.8
567,2,2016-01-29 09:19:25,2016-01-29 09:24:15,1,0.52,-73.97539520263672,40.75611877441406,1,N,-73.96967315673827,40.76252365112305,1,5.0,0.0,0.5,1.45,0.0,0.3,7.25
568,2,2016-01-29 09:19:25,2016-01-29 09:27:57,6,0.79,-73.9532699584961,40.76773834228516,1,N,-73.96183013916014,40.76123809814453,1,7.0,0.0,0.5,0.8,0.0,0.3,8.6
569,2,2016-01-29 09:19:25,2016-01-29 09:35:13,1,3.07,-73.98287963867188,40.6853904724121,1,N,-74.00875854492188,40.718307495117195,1,13.5,0.0,0.5,2.86,0.0,0.3,17.16
570,1,2016-01-29 09:19:26,2016-01-29 10:06:03,1,13.0,-73.86283111572266,40.76887130737305,1,N,-73.97631072998048,40.76012802124024,1,44.5,0.0,0.5,10.15,5.54,0.3,60.99
571,1,2016-01-29 09:19:26,2016-01-29 09:36:54,1,2.2,-73.97215270996092,40.759323120117195,1,N,-73.9701919555664,40.784061431884766,1,12.5,0.0,0.5,2.65,0.0,0.3,15.95
572,1,2016-01-29 09:19:26,2016-01-29 09:27:08,1,1.2,-73.97869873046875,40.764949798583984,1,N,-73.97872161865233,40.75141525268555,1,7.0,0.0,0.5,2.3,0.0,0.3,10.1
573,1,2016-01-29 09:19:26,2016-01-29 09:38:27,1,1.9,-73.9548568725586,40.76506805419922,1,N,-73.97777557373048,40.75454711914063,1,13.0,0.0,0.5,3.45,0.0,0.3,17.25
574,2,2016-01-29 09:19:26,2016-01-29 09:29:14,1,1.25,-73.96321868896483,40.76744842529297,1,N,-73.95613861083984,40.78135681152344,1,8.0,0.0,0.5,1.76,0.0,0.3,10.56
575,2,2016-01-29 09:19:26,2016-01-29 09:23:09,1,0.51,-73.96365356445312,40.76607131958008,1,N,-73.9691390991211,40.76309967041016,2,4.5,0.0,0.5,0.0,0.0,0.3,5.3
576,2,2016-01-29 09:19:26,2016-01-29 09:25:33,1,1.02,-73.98238372802734,40.764209747314446,1,N,-73.99054718017578,40.75083923339844,2,6.0,0.0,0.5,0.0,0.0,0.3,6.8
577,2,2016-01-29 09:19:27,2016-01-29 09:30:01,2,1.57,-73.98236083984375,40.771308898925774,1,N,-73.98052978515625,40.75357818603516,2,8.5,0.0,0.5,0.0,0.0,0.3,9.3
578,2,2016-01-29 09:19:27,2016-01-29 09:39:13,1,2.33,-73.99491119384764,40.73431015014648,1,N,-73.97860717773438,40.76021957397461,1,13.5,0.0,0.5,3.15,0.0,0.3,17.45
579,2,2016-01-29 09:19:27,2016-01-29 09:34:00,1,1.39,-73.96144104003906,40.77156829833984,1,N,-73.97663116455078,40.76066207885742,1,10.0,0.0,0.5,3.24,0.0,0.3,14.04
580,2,2016-01-29 09:19:27,2016-01-29 09:28:50,1,1.61,-73.97014617919923,40.78424072265625,1,N,-73.96468353271484,40.76822662353516,1,8.5,0.0,0.5,2.0,0.0,0.3,11.3
581,2,2016-01-29 09:19:27,2016-01-29 09:34:09,5,1.69,-73.98233795166014,40.77458953857422,1,N,-73.98007965087889,40.75559997558594,1,10.5,0.0,0.5,2.26,0.0,0.3,13.56
582,2,2016-01-29 09:19:28,2016-01-29 09:23:57,1,1.02,-73.99140930175781,40.7653923034668,1,N,-73.98082733154298,40.77481842041016,1,5.5,0.0,0.5,1.89,0.0,0.3,8.19
583,2,2016-01-29 09:19:28,2016-01-29 09:34:48,1,2.14,-73.99369812011719,40.73263168334961,1,N,-74.00504302978516,40.749858856201165,1,11.5,0.0,0.5,2.46,0.0,0.3,14.76
584,2,2016-01-29 09:19:28,2016-01-29 09:40:40,5,1.9,-73.96103668212889,40.76516342163086,1,N,-73.9876251220703,40.765533447265625,2,13.5,0.0,0.5,0.0,0.0,0.3,14.3
585,1,2016-01-29 09:19:29,2016-01-29 09:31:32,1,1.0,-74.00753021240233,40.71007537841797,1,N,-74.00499725341797,40.72329711914063,1,9.0,0.0,0.5,2.45,0.0,0.3,12.25
586,1,2016-01-29 09:19:29,2016-01-29 09:26:37,1,0.7,-73.95714569091797,40.774658203125,1,N,-73.94650268554686,40.7725830078125,2,6.0,0.0,0.5,0.0,0.0,0.3,6.8
587,1,2016-01-29 09:19:29,2016-01-29 09:25:01,1,0.5,-73.98871612548828,40.7446174621582,1,N,-73.98770141601561,40.74998092651367,2,5.5,0.0,0.5,0.0,0.0,0.3,6.3
588,2,2016-01-29 09:19:29,2016-01-29 09:54:27,1,3.93,-73.98252105712889,40.75577163696289,1,N,-74.00752258300781,40.709278106689446,2,22.0,0.0,0.5,0.0,0.0,0.3,22.8
589,1,2016-01-29 09:19:30,2016-01-29 09:34:00,1,2.0,-73.99737548828125,40.73689270019531,1,N,-73.97982788085938,40.76205825805664,1,11.0,0.0,0.5,2.35,0.0,0.3,14.15
590,1,2016-01-29 09:19:30,2016-01-29 09:29:25,2,1.0,-73.9869384765625,40.7585563659668,1,N,-74.001220703125,40.757022857666016,2,8.0,0.0,0.5,0.0,0.0,0.3,8.8
591,2,2016-01-29 09:19:30,2016-01-29 09:21:47,1,0.0,-73.9369888305664,40.76482009887695,1,N,-73.93699645996092,40.7647705078125,1,0.0,0.0,0.0,0.0,0.0,0.0,0.0
592,1,2016-01-29 09:19:31,2016-01-29 09:25:26,1,0.8,-74.00933837890625,40.718040466308594,1,N,-74.00716400146483,40.7302360534668,1,6.0,0.0,0.5,1.35,0.0,0.3,8.15
593,1,2016-01-29 09:19:31,2016-01-29 09:23:25,1,0.6,-73.94203186035155,40.80633544921875,1,N,-73.95262145996092,40.81093978881836,1,4.5,0.0,0.5,1.0,0.0,0.3,6.3
594,1,2016-01-29 09:19:31,2016-01-29 09:25:10,1,0.7,-74.00065612792967,40.75777816772461,1,N,-73.99346160888672,40.7520751953125,1,5.5,0.0,0.5,1.25,0.0,0.3,7.55
595,2,2016-01-29 09:19:31,2016-01-29 09:35:44,1,1.4,-73.99890899658203,40.739551544189446,1,N,-73.99486541748048,40.72797775268555,1,11.0,0.0,0.5,2.36,0.0,0.3,14.16
596,2,2016-01-29 09:19:31,2016-01-29 09:29:17,5,1.42,-73.96845245361328,40.79898071289063,1,N,-73.9495391845703,40.801921844482415,1,8.0,0.0,0.5,1.76,0.0,0.3,10.56
597,2,2016-01-29 09:19:31,2016-01-29 09:32:57,4,1.57,-73.95703887939453,40.77035903930664,1,N,-73.9715576171875,40.75008010864258,2,10.0,0.0,0.5,0.0,0.0,0.3,10.8
598,1,2016-01-29 09:19:32,2016-01-29 09:28:58,1,0.7,-74.00460815429686,40.72562789916992,1,N,-74.01121520996092,40.72922134399414,2,7.0,0.0,0.5,0.0,0.0,0.3,7.8
599,1,2016-01-29 09:19:32,2016-01-29 09:38:51,1,1.5,-73.95917510986328,40.76324844360352,1,N,-73.97246551513672,40.74969482421875,2,12.5,0.0,0.5,0.0,0.0,0.3,13.3
600,1,2016-01-29 09:19:32,2016-01-29 09:37:21,1,2.3,-73.96505737304686,40.755165100097656,1,N,-73.95947265625,40.78105163574219,1,12.5,0.0,0.5,1.75,0.0,0.3,15.05
601,2,2016-01-29 09:19:32,2016-01-29 09:47:54,1,9.3,-73.98410797119139,40.75534057617188,1,N,-73.87119293212889,40.774200439453125,1,30.0,0.0,0.5,9.08,5.54,0.3,45.42
602,2,2016-01-29 09:19:32,2016-01-29 09:28:56,2,1.23,-73.99608612060547,40.73308181762695,1,N,-74.00765991210938,40.72544860839844,1,7.5,0.0,0.5,1.66,0.0,0.3,9.96
603,1,2016-01-29 09:19:33,2016-01-29 09:46:02,1,2.8,-73.98092651367188,40.78268432617188,1,N,-73.97238159179686,40.7547607421875,1,18.0,0.0,0.5,3.75,0.0,0.3,22.55
604,1,2016-01-29 09:19:33,2016-01-29 09:26:11,1,0.9,-73.96259307861328,40.767066955566406,1,N,-73.96202087402342,40.77666473388672,1,6.5,0.0,0.5,2.15,0.0,0.3,9.45
605,1,2016-01-29 09:19:33,2016-01-29 09:25:00,1,0.6,0.0,0.0,1,N,0.0,0.0,1,5.0,0.0,0.5,1.15,0.0,0.3,6.95
606,2,2016-01-29 09:19:33,2016-01-29 09:28:08,6,1.21,-73.98365020751953,40.74985504150391,1,N,-73.99419403076173,40.735294342041016,2,7.0,0.0,0.5,0.0,0.0,0.3,7.8
607,2,2016-01-29 09:19:33,2016-01-29 09:46:43,1,4.53,-73.98574829101561,40.75722503662109,1,N,-74.01598358154298,40.71479034423828,1,20.5,0.0,0.5,3.2,0.0,0.3,24.5
608,2,2016-01-29 09:19:33,2016-01-29 09:25:00,1,0.76,-74.00479888916014,40.72116088867188,1,N,-73.99611663818358,40.72661972045898,1,5.5,0.0,0.5,1.26,0.0,0.3,7.56
609,2,2016-01-29 09:19:33,2016-01-29 09:32:17,3,1.85,-73.97280883789062,40.746440887451165,1,N,-73.96198272705078,40.76771926879882,1,10.0,0.0,0.5,0.0,0.0,0.3,10.8
610,2,2016-01-29 09:19:33,2016-01-29 09:32:17,2,1.65,-73.94692993164062,40.78429412841797,1,N,-73.96924591064453,40.78532791137695,1,9.5,0.0,0.5,0.0,0.0,0.3,10.3
611,1,2016-01-29 09:19:34,2016-01-29 09:25:54,1,0.5,-73.97876739501953,40.741207122802734,1,N,-73.98590087890625,40.74086380004882,1,5.5,0.0,0.5,1.25,0.0,0.3,7.55
612,1,2016-01-29 09:19:34,2016-01-29 09:44:47,1,7.9,-74.01598358154298,40.71161651611328,1,N,-73.96212768554686,40.80209732055664,1,26.0,0.0,0.5,5.35,0.0,0.3,32.15
613,1,2016-01-29 09:19:34,2016-01-29 09:30:18,1,0.7,-74.00556945800781,40.74825286865234,1,N,-74.00706481933594,40.74089813232422,1,8.0,0.0,0.5,1.75,0.0,0.3,10.55
614,1,2016-01-29 09:19:34,2016-01-29 09:30:29,1,0.6,-74.00169372558595,40.74655532836913,1,N,-73.99099731445312,40.74214553833008,1,8.0,0.0,0.5,1.75,0.0,0.3,10.55
615,2,2016-01-29 09:19:34,2016-01-29 09:45:47,1,1.89,-73.96881866455078,40.75252151489258,1,N,-73.99410247802734,40.745731353759766,1,16.0,0.0,0.5,3.36,0.0,0.3,20.16
616,2,2016-01-29 09:19:34,2016-01-29 09:28:51,6,1.02,-73.97905731201173,40.764259338378906,1,N,-73.97557067871092,40.754878997802734,1,7.0,0.0,0.5,1.0,0.0,0.3,8.8
617,2,2016-01-29 09:19:34,2016-01-29 09:36:53,1,1.97,-73.99114990234375,40.7493553161621,1,N,-73.9736328125,40.75830078125,2,12.0,0.0,0.5,0.0,0.0,0.3,12.8
618,2,2016-01-29 09:19:34,2016-01-29 09:22:26,4,0.48,-73.95355224609375,40.77870178222656,1,N,-73.94998931884764,40.78426361083984,1,4.0,0.0,0.5,1.44,0.0,0.3,6.24
619,2,2016-01-29 09:19:35,2016-01-29 09:31:32,1,2.06,-73.97966766357422,40.78364944458008,1,N,-73.95301055908203,40.78601837158203,1,10.0,0.0,0.5,1.2,0.0,0.3,12.0
620,2,2016-01-29 09:19:35,2016-01-29 09:29:47,2,1.79,-73.9532470703125,40.767364501953125,1,N,-73.97112274169923,40.75360870361328,1,9.0,0.0,0.5,1.0,0.0,0.3,10.8
621,1,2016-01-29 09:19:36,2016-01-29 09:27:04,1,0.9,-73.95687866210938,40.78335571289063,1,N,-73.96317291259764,40.77159881591797,1,7.0,0.0,0.5,1.55,0.0,0.3,9.35
622,1,2016-01-29 09:19:36,2016-01-29 09:34:56,1,2.0,-73.99059295654298,40.74555587768555,1,N,-73.99449157714845,40.76594543457031,2,11.0,0.0,0.5,0.0,0.0,0.3,11.8
623,1,2016-01-29 09:19:36,2016-01-29 09:23:04,1,0.7,-74.00453186035155,40.74724960327149,1,N,-73.99494171142578,40.75010681152344,2,4.5,0.0,0.5,0.0,0.0,0.3,5.3
624,2,2016-01-29 09:19:36,2016-01-29 09:31:48,6,3.98,-73.92593383789062,40.77243041992188,1,N,-73.91066741943358,40.80389022827149,1,14.0,0.0,0.5,5.08,5.54,0.3,25.42
625,1,2016-01-29 09:19:37,2016-01-29 09:43:25,1,2.4,-73.95085906982422,40.77071762084961,1,N,-73.98271179199219,40.76128387451172,1,16.0,0.0,0.5,1.0,0.0,0.3,17.8
626,1,2016-01-29 09:19:37,2016-01-29 09:43:49,1,3.0,-73.95366668701173,40.775238037109375,1,N,-73.98750305175781,40.75338745117188,2,16.5,0.0,0.5,0.0,0.0,0.3,17.3
627,1,2016-01-29 09:19:37,2016-01-29 09:36:49,1,2.0,-73.95647430419923,40.78382110595703,1,N,-73.97196960449217,40.75940704345703,2,12.5,0.0,0.5,0.0,0.0,0.3,13.3
628,1,2016-01-29 09:19:37,2016-01-29 09:31:25,2,1.6,-73.99329376220702,40.73679733276367,1,N,-74.00760650634764,40.7515754699707,1,9.5,0.0,0.5,2.0,0.0,0.3,12.3
629,2,2016-01-29 09:19:37,2016-01-29 09:35:18,1,1.59,-73.9566879272461,40.775089263916016,1,N,-73.97409057617188,40.762741088867195,2,11.0,0.0,0.5,0.0,0.0,0.3,11.8
630,2,2016-01-29 09:19:37,2016-01-29 09:31:00,1,1.47,-73.95069885253906,40.78234100341797,1,N,-73.9609832763672,40.76495742797852,2,9.0,0.0,0.5,0.0,0.0,0.3,9.8
631,1,2016-01-29 09:19:38,2016-01-29 09:27:17,1,1.3,-73.99398040771484,40.726680755615234,1,N,-73.98426055908203,40.74333953857422,1,7.0,0.0,0.5,1.55,0.0,0.3,9.35
632,1,2016-01-29 09:19:38,2016-01-29 09:31:28,2,2.0,-73.95599365234375,40.78472137451172,1,N,-73.97977447509764,40.78108978271485,2,9.5,0.0,0.5,0.0,0.0,0.3,10.3
633,1,2016-01-29 09:19:38,2016-01-29 09:32:27,1,1.7,-73.98841857910156,40.76397705078125,1,N,-74.00776672363281,40.75182723999024,1,10.0,0.0,0.5,2.7,0.0,0.3,13.5
634,2,2016-01-29 09:19:38,2016-01-29 09:47:34,5,2.85,-73.97296905517578,40.76008605957031,1,N,-74.00466918945312,40.741863250732415,1,18.0,0.0,0.5,4.7,0.0,0.3,23.5
635,2,2016-01-29 09:19:38,2016-01-29 09:41:33,1,2.65,-73.95941925048828,40.76311111450195,1,N,-73.99239349365233,40.75896072387695,1,15.0,0.0,0.5,1.0,0.0,0.3,16.8
636,2,2016-01-29 09:19:38,2016-01-29 09:26:41,1,0.75,-74.00829315185547,40.72222137451172,1,N,-73.99957275390625,40.72443008422852,1,6.0,0.0,0.5,1.36,0.0,0.3,8.16
637,1,2016-01-29 09:19:39,2016-01-29 09:25:49,1,0.6,-73.99617767333984,40.74853515625,1,N,-73.99440002441406,40.75429916381836,1,5.5,0.0,0.5,1.25,0.0,0.3,7.55
638,1,2016-01-29 09:19:39,2016-01-29 09:30:30,1,1.6,-73.99603271484375,40.73851776123047,1,N,-73.98490142822266,40.757373809814446,1,9.0,0.0,0.5,1.95,0.0,0.3,11.75
639,2,2016-01-29 09:19:39,2016-01-29 09:29:05,2,1.28,-73.98123168945312,40.75312042236328,1,N,-73.9925765991211,40.7369384765625,1,7.5,0.0,0.5,1.66,0.0,0.3,9.96
640,2,2016-01-29 09:19:39,2016-01-29 09:28:50,1,1.27,-73.98394775390625,40.775508880615234,1,N,-73.97314453125,40.764358520507805,1,7.5,0.0,0.5,2.49,0.0,0.3,10.79
641,2,2016-01-29 09:19:39,2016-01-29 09:53:52,6,21.91,-73.97441864013672,40.7569694519043,2,N,-73.79048156738281,40.646751403808594,1,52.0,0.0,0.5,11.67,5.54,0.3,70.01
642,2,2016-01-29 09:19:39,2016-01-29 09:26:09,1,0.71,-73.97685241699219,40.75677108764648,1,N,-73.96939086914062,40.763370513916016,1,6.0,0.0,0.5,1.0,0.0,0.3,7.8
643,2,2016-01-29 09:19:39,2016-01-29 09:38:49,1,1.61,-73.98866271972656,40.768821716308594,1,N,-73.98222351074217,40.756591796875,1,9.0,0.0,0.5,2.45,0.0,0.3,12.25
644,1,2016-01-29 09:19:40,2016-01-29 09:37:02,1,1.2,-74.0094223022461,40.71559524536133,1,N,-74.00616455078125,40.70547103881836,1,11.5,0.0,0.5,2.0,0.0,0.3,14.3
645,1,2016-01-29 09:19:40,2016-01-29 09:39:43,2,0.8,-73.992919921875,40.75867462158203,1,N,-73.99583435058595,40.764453887939446,1,12.5,0.0,0.5,2.65,0.0,0.3,15.95
646,1,2016-01-29 09:19:40,2016-01-29 09:25:00,1,0.6,-73.98894500732422,40.736621856689446,1,N,-73.98722076416014,40.74393081665039,1,5.5,0.0,0.5,1.25,0.0,0.3,7.55
647,2,2016-01-29 09:19:40,2016-01-29 09:36:59,1,1.03,-73.96365356445312,40.76034164428711,1,N,-73.97147369384764,40.75870132446289,1,11.0,0.0,0.5,0.0,0.0,0.3,11.8
648,2,2016-01-29 09:19:40,2016-01-29 09:40:41,2,1.89,-73.96412658691406,40.7564811706543,1,N,-73.9789047241211,40.77227020263672,1,13.5,0.0,0.5,2.86,0.0,0.3,17.16
649,1,2016-01-29 09:19:41,2016-01-29 09:39:05,1,2.3,-73.99557495117188,40.73323822021485,1,N,-74.001708984375,40.756465911865234,1,13.0,0.0,0.5,2.75,0.0,0.3,16.55
650,1,2016-01-29 09:19:41,2016-01-29 09:27:05,1,0.6,-73.9659652709961,40.75872039794922,1,N,-73.96946716308594,40.750370025634766,1,6.0,0.0,0.5,1.0,0.0,0.3,7.8
651,1,2016-01-29 09:19:41,2016-01-29 09:35:36,1,2.2,-73.99990844726561,40.74338912963867,1,N,-73.98207092285155,40.77059173583984,1,12.0,0.0,0.5,1.2,0.0,0.3,14.0
652,2,2016-01-29 09:19:41,2016-01-29 09:31:43,6,2.91,-73.9840087890625,40.7216682434082,1,N,-74.00769805908203,40.71179962158203,1,12.5,0.0,0.5,2.66,0.0,0.3,15.96
653,2,2016-01-29 09:19:41,2016-01-29 09:27:53,2,0.8,-73.98059844970702,40.74796676635742,1,N,-73.98780059814453,40.73821258544922,1,7.0,0.0,0.5,1.56,0.0,0.3,9.36
654,1,2016-01-29 09:19:42,2016-01-29 09:31:04,1,1.7,-74.00049591064453,40.72622299194336,1,N,-74.00662231445312,40.74432373046875,1,9.5,0.0,0.5,2.05,0.0,0.3,12.35
655,1,2016-01-29 09:19:42,2016-01-29 09:43:34,1,5.3,-74.01631927490233,40.710006713867195,1,N,-73.98570251464844,40.739837646484375,1,21.5,0.0,0.5,4.46,0.0,0.3,26.76
656,1,2016-01-29 09:19:42,2016-01-29 09:29:53,1,1.9,-74.00460052490233,40.715644836425774,1,N,-73.98919677734375,40.69344711303711,2,9.5,0.0,0.5,0.0,0.0,0.3,10.3
657,1,2016-01-29 09:19:42,2016-01-29 09:58:03,1,16.6,-73.97422027587889,40.75069046020508,2,N,-73.7871551513672,40.64754867553711,1,52.0,0.0,0.5,0.0,5.54,0.3,58.34
658,1,2016-01-29 09:19:42,2016-01-29 09:41:34,1,4.1,-73.98812866210938,40.77466583251953,1,N,-74.01087951660156,40.722938537597656,1,17.0,0.0,0.5,3.55,0.0,0.3,21.35
659,1,2016-01-29 09:19:42,2016-01-29 09:29:16,1,1.2,-73.98727416992188,40.72907257080078,1,N,-74.00048065185547,40.723880767822266,1,8.0,0.0,0.5,1.5,0.0,0.3,10.3
660,2,2016-01-29 09:19:42,2016-01-29 09:23:43,3,0.31,-73.97052001953125,40.76180267333984,1,N,-73.97515106201173,40.76348114013672,2,4.5,0.0,0.5,0.0,0.0,0.3,5.3
661,2,2016-01-29 09:19:42,2016-01-29 09:39:33,1,2.24,-73.98066711425781,40.76521301269531,1,N,-74.00544738769531,40.75094223022461,1,14.0,0.0,0.5,3.7,0.0,0.3,18.5
662,1,2016-01-29 09:19:43,2016-01-29 09:25:31,1,0.8,-73.9974136352539,40.741485595703125,1,N,-73.98802947998048,40.73474884033203,1,5.5,0.0,0.5,1.25,0.0,0.3,7.55
663,1,2016-01-29 09:19:43,2016-01-29 09:54:44,1,7.9,-73.99864959716798,40.681396484375,1,N,-73.99283599853516,40.76842880249024,1,29.5,0.0,0.5,7.55,0.0,0.3,37.85
664,1,2016-01-29 09:19:43,2016-01-29 09:43:18,3,4.9,-73.9896011352539,40.75621795654297,1,N,-74.01662445068358,40.70484924316406,1,19.0,0.0,0.5,4.0,0.0,0.3,23.8
665,1,2016-01-29 09:19:43,2016-01-29 09:27:21,1,0.8,-73.98347473144531,40.76675033569336,1,N,-73.9937973022461,40.76689910888672,1,6.5,0.0,0.5,2.15,0.0,0.3,9.45
666,1,2016-01-29 09:19:43,2016-01-29 09:22:56,1,0.7,-74.01628875732422,40.714649200439446,1,N,-74.01659393310547,40.70506286621094,2,4.5,0.0,0.5,0.0,0.0,0.3,5.3
667,2,2016-01-29 09:19:43,2016-01-29 09:22:00,1,0.42,-73.95289611816406,40.78285598754882,1,N,-73.9561004638672,40.77793884277344,1,3.5,0.0,0.5,0.64,0.0,0.3,4.94
668,2,2016-01-29 09:19:43,2016-01-29 09:31:04,2,2.07,-73.99737548828125,40.7385368347168,1,N,-74.01063537597656,40.713565826416016,1,9.5,0.0,0.5,2.58,0.0,0.3,12.88
669,2,2016-01-29 09:19:43,2016-01-29 09:46:45,1,3.0,-73.98110961914062,40.78411483764648,1,N,-73.96508026123048,40.75558853149414,2,18.0,0.0,0.5,0.0,0.0,0.3,18.8
670,2,2016-01-29 09:19:43,2016-01-29 09:47:42,1,3.05,-73.96929168701173,40.761043548583984,1,N,-74.00448608398438,40.7422103881836,1,18.0,0.0,0.5,2.0,0.0,0.3,20.8
671,1,2016-01-29 09:19:44,2016-01-29 09:32:57,1,5.9,-73.78990936279298,40.64688491821289,1,N,-73.82376098632812,40.70538330078125,2,18.0,0.0,0.5,0.0,0.0,0.3,18.8
672,1,2016-01-29 09:19:44,2016-01-29 09:28:52,1,0.7,-73.99203491210938,40.74896240234375,1,N,-73.99091339111328,40.7420310974121,1,7.0,0.0,0.5,0.5,0.0,0.3,8.3
673,1,2016-01-29 09:19:45,2016-01-29 09:25:04,1,0.8,-73.97166442871092,40.74651718139648,1,N,-73.96397399902342,40.75695037841797,1,6.0,0.0,0.5,2.0,0.0,0.3,8.8
674,1,2016-01-29 09:19:45,2016-01-29 10:18:31,3,42.0,-73.77676391601561,40.64542770385742,3,N,-74.17766571044923,40.69546508789063,1,126.0,0.0,0.0,0.01,16.04,0.3,142.35
675,2,2016-01-29 09:19:45,2016-01-29 09:34:49,3,3.28,-74.0029067993164,40.760345458984375,1,N,-74.01371765136719,40.71492385864258,2,13.5,0.0,0.5,0.0,0.0,0.3,14.3
676,1,2016-01-29 09:19:46,2016-01-29 09:50:55,2,2.5,-73.97895812988281,40.77736282348633,1,N,-74.0049285888672,40.75167846679688,1,19.5,0.0,0.5,4.05,0.0,0.3,24.35
677,1,2016-01-29 09:19:46,2016-01-29 09:28:42,1,2.0,-73.9698486328125,40.79458236694336,1,N,-73.94942474365233,40.81248474121094,1,9.0,0.0,0.5,1.5,0.0,0.3,11.3
678,1,2016-01-29 09:19:46,2016-01-29 09:27:53,1,1.9,-73.95441436767578,40.778144836425774,1,N,-73.9349594116211,40.79646301269531,1,8.5,0.0,0.5,2.3,0.0,0.3,11.6
679,1,2016-01-29 09:19:46,2016-01-29 09:31:12,1,1.1,-73.97148132324217,40.7508544921875,1,N,-73.9837417602539,40.740604400634766,1,8.5,0.0,0.5,1.5,0.0,0.3,10.8
680,2,2016-01-29 09:19:46,2016-01-29 09:33:01,6,1.51,-73.98499298095702,40.728065490722656,1,N,-73.97879791259764,40.74484634399414,2,10.0,0.0,0.5,0.0,0.0,0.3,10.8
681,2,2016-01-29 09:19:46,2016-01-29 09:43:37,1,2.84,-73.97411346435547,40.791309356689446,1,N,-73.96464538574217,40.76479721069336,2,15.5,0.0,0.5,0.0,0.0,0.3,16.3
682,2,2016-01-29 09:19:46,2016-01-29 09:40:00,1,1.99,-74.01509857177734,40.71818161010742,1,N,-73.9942855834961,40.72829818725586,1,13.5,0.0,0.5,2.86,0.0,0.3,17.16
683,2,2016-01-29 09:19:46,2016-01-29 09:32:18,1,1.68,-73.97518920898438,40.782520294189446,1,N,-73.97818756103516,40.76287841796875,1,9.5,0.0,0.5,3.09,0.0,0.3,13.39
684,1,2016-01-29 09:19:47,2016-01-29 09:30:24,1,1.7,-74.00666046142578,40.73109436035156,1,N,-74.00669860839844,40.75135040283203,1,9.5,0.0,0.5,2.06,0.0,0.3,12.36
685,1,2016-01-29 09:19:47,2016-01-29 09:27:30,1,0.6,-73.9752655029297,40.73577499389648,1,N,-73.98146057128906,40.739776611328125,2,6.5,0.0,0.5,0.0,0.0,0.3,7.3
686,1,2016-01-29 09:19:47,2016-01-29 09:26:46,3,0.8,-74.0059051513672,40.7399787902832,1,N,-73.99758911132812,40.736324310302734,2,6.0,0.0,0.5,0.0,0.0,0.3,6.8
687,2,2016-01-29 09:19:47,2016-01-29 09:37:07,5,4.87,-73.98149871826173,40.74393844604492,1,N,-74.01455688476561,40.70336151123047,1,18.5,0.0,0.5,3.86,0.0,0.3,23.16
688,2,2016-01-29 09:19:47,2016-01-29 09:59:49,1,8.28,-73.88570404052734,40.77312088012695,1,N,-73.97161865234375,40.757339477539055,1,32.0,0.0,0.5,8.2,0.0,0.3,41.0
689,1,2016-01-29 09:19:48,2016-01-29 09:47:01,1,7.7,-73.9999008178711,40.68276977539063,1,N,-73.97743225097656,40.75040054321289,1,26.5,0.0,0.5,5.46,0.0,0.3,32.76
690,1,2016-01-29 09:19:48,2016-01-29 09:23:40,1,0.6,-73.9895248413086,40.77444076538086,1,N,-73.98345184326173,40.77937316894531,1,4.5,0.0,0.5,1.05,0.0,0.3,6.35
691,1,2016-01-29 09:19:48,2016-01-29 10:22:54,1,11.7,-73.96807861328125,40.80051803588867,1,N,-74.01399993896483,40.67381286621094,2,47.0,0.0,0.5,0.0,5.54,0.3,53.34
692,1,2016-01-29 09:19:48,2016-01-29 09:49:40,1,10.0,-73.97505187988281,40.787967681884766,1,N,-73.86503601074217,40.77056503295898,1,32.5,0.0,0.5,6.0,5.54,0.3,44.84
693,2,2016-01-29 09:19:48,2016-01-29 09:38:55,1,2.26,-73.95325469970702,40.76728057861328,1,N,-73.97913360595702,40.75524520874024,1,13.5,0.0,0.5,2.86,0.0,0.3,17.16
694,2,2016-01-29 09:19:48,2016-01-29 09:22:23,1,0.44,-73.98615264892578,40.740264892578125,1,N,-73.99192047119139,40.73839569091797,1,4.0,0.0,0.5,0.96,0.0,0.3,5.76
695,1,2016-01-29 09:19:49,2016-01-29 09:34:31,1,1.0,-73.96566772460938,40.758296966552734,1,N,-73.97805023193358,40.75227355957031,2,10.0,0.0,0.5,0.0,0.0,0.3,10.8
696,1,2016-01-29 09:19:49,2016-01-29 09:28:00,1,0.9,-73.97965240478516,40.7398681640625,1,N,-73.99188232421875,40.73773956298828,1,7.0,0.0,0.5,1.56,0.0,0.3,9.36
697,1,2016-01-29 09:19:49,2016-01-29 09:24:27,1,0.8,-73.96875762939453,40.78606796264648,1,N,-73.97922515869139,40.78190612792969,1,5.0,0.0,0.5,1.15,0.0,0.3,6.95
698,2,2016-01-29 09:19:49,2016-01-29 09:35:49,6,2.03,-73.9821014404297,40.772499084472656,1,N,-73.97055053710938,40.75825881958008,2,12.0,0.0,0.5,0.0,0.0,0.3,12.8
699,2,2016-01-29 09:19:49,2016-01-29 09:54:41,4,6.58,-74.0139389038086,40.71372985839844,1,N,-73.97615051269531,40.755756378173835,1,28.0,0.0,0.5,7.2,0.0,0.3,36.0
700,2,2016-01-29 09:19:49,2016-01-29 09:23:36,2,0.6,-73.95695495605469,40.76652145385742,1,N,-73.96058654785155,40.77234649658203,1,4.5,0.0,0.5,1.06,0.0,0.3,6.36
701,2,2016-01-29 09:19:49,2016-01-29 09:35:17,1,1.56,-73.99993133544923,40.71820068359375,1,N,-74.00067901611328,40.73598861694336,1,11.0,0.0,0.5,2.95,0.0,0.3,14.75
702,2,2016-01-29 09:19:49,2016-01-29 09:22:07,1,0.41,-74.0059814453125,40.73548889160156,1,N,-74.00644683837889,40.73904037475586,1,3.5,0.0,0.5,0.86,0.0,0.3,5.16
703,2,2016-01-29 09:19:49,2016-01-29 09:33:14,1,1.36,-73.98822784423827,40.74577331542969,1,N,-73.97511291503906,40.75551986694336,1,10.0,0.0,0.5,2.16,0.0,0.3,12.96
704,1,2016-01-29 09:19:50,2016-01-29 09:25:50,1,0.7,-73.96266174316406,40.76529312133789,1,N,-73.95521545410156,40.7657470703125,2,5.5,0.0,0.5,0.0,0.0,0.3,6.3
705,1,2016-01-29 09:19:50,2016-01-29 09:51:48,1,4.8,-74.01555633544923,40.71425628662109,1,N,-73.98217010498048,40.7606201171875,1,24.0,0.0,0.5,3.72,0.0,0.3,28.52
706,2,2016-01-29 09:19:50,2016-01-29 09:41:39,1,1.89,-73.99387359619139,40.751480102539055,1,N,-73.97001647949219,40.75704956054688,2,14.0,0.0,0.5,0.0,0.0,0.3,14.8
707,2,2016-01-29 09:19:50,2016-01-29 09:31:09,1,0.89,-73.98799896240233,40.749614715576165,1,N,-73.97542572021484,40.749408721923835,1,8.0,0.0,0.5,2.2,0.0,0.3,11.0
708,2,2016-01-29 09:19:50,2016-01-29 09:32:06,2,1.62,-73.9602279663086,40.77042007446289,1,N,-73.97976684570312,40.760208129882805,1,9.5,0.0,0.5,2.06,0.0,0.3,12.36
709,2,2016-01-29 09:19:50,2016-01-29 09:30:02,1,0.99,-74.0002212524414,40.73303985595703,1,N,-73.99144744873048,40.73331069946289,1,8.0,0.0,0.5,1.76,0.0,0.3,10.56
710,2,2016-01-29 09:19:50,2016-01-29 09:26:13,3,1.33,-73.95511627197266,40.804786682128906,1,N,-73.95285034179686,40.79188537597656,1,6.5,0.0,0.5,1.82,0.0,0.3,9.12
711,2,2016-01-29 09:19:50,2016-01-29 09:50:50,3,3.6,-73.9767837524414,40.73876190185546,1,N,-73.95597839355469,40.737266540527344,1,21.0,0.0,0.5,5.47,5.54,0.3,32.81
712,2,2016-01-29 09:19:50,2016-01-29 09:25:17,2,1.02,-73.96003723144531,40.78229904174805,1,N,-73.97554779052734,40.7817497253418,2,6.0,0.0,0.5,0.0,0.0,0.3,6.8
713,2,2016-01-29 09:19:50,2016-01-29 09:37:44,1,1.93,0.0,0.0,1,N,0.0,0.0,1,12.0,0.0,0.5,0.0,0.0,0.3,12.8
714,2,2016-01-29 09:19:51,2016-01-29 09:26:24,1,1.14,-73.99131011962889,40.75015640258789,1,N,-73.9803466796875,40.76014709472656,1,6.5,0.0,0.5,1.82,0.0,0.3,9.12
715,1,2016-01-29 09:19:52,2016-01-29 09:26:40,1,0.4,-73.97427368164062,40.77861022949219,1,N,-73.97865295410156,40.77268981933594,2,6.0,0.0,0.5,0.0,0.0,0.3,6.8
716,1,2016-01-29 09:19:52,2016-01-29 09:28:32,1,0.6,-73.98554992675781,40.7442626953125,1,N,-73.99150085449217,40.74906539916992,1,6.5,0.0,0.5,1.8,0.0,0.3,9.1
717,2,2016-01-29 09:19:52,2016-01-29 09:29:39,2,1.08,-73.9557113647461,40.78252410888672,1,N,-73.95657348632812,40.77111053466797,2,8.0,0.0,0.5,0.0,0.0,0.3,8.8
718,2,2016-01-29 09:19:52,2016-01-29 09:40:25,1,1.58,-73.96798706054686,40.75554656982422,1,N,-73.98753356933594,40.755638122558594,1,13.0,0.0,0.5,0.0,0.0,0.3,13.8
719,2,2016-01-29 09:19:52,2016-01-29 09:32:48,1,2.42,-73.94593048095702,40.77336120605469,1,N,-73.97515869140625,40.75585174560546,1,11.0,0.0,0.5,2.36,0.0,0.3,14.16
720,1,2016-01-29 09:19:53,2016-01-29 09:48:22,1,5.1,-74.0096664428711,40.70572662353516,1,N,-73.97241973876953,40.75385665893555,1,23.0,0.0,0.5,2.0,0.0,0.3,25.8
721,1,2016-01-29 09:19:53,2016-01-29 09:22:56,1,0.5,-73.98462677001953,40.77944564819336,1,N,-73.98418426513672,40.77383804321289,1,4.0,0.0,0.5,1.0,0.0,0.3,5.8
722,2,2016-01-29 09:19:53,2016-01-29 09:23:10,1,0.43,-73.98870849609375,40.75399017333984,1,N,-73.98188018798828,40.7506103515625,2,4.0,0.0,0.5,0.0,0.0,0.3,4.8
723,2,2016-01-29 09:19:53,2016-01-29 09:27:39,6,1.04,-73.9577865600586,40.76545715332031,1,N,-73.96798706054686,40.76251602172852,2,6.5,0.0,0.5,0.0,0.0,0.3,7.3
724,1,2016-01-29 09:19:54,2016-01-29 09:27:11,1,0.7,0.0,0.0,1,N,0.0,0.0,1,6.5,0.0,0.5,1.46,0.0,0.3,8.76
725,1,2016-01-29 09:19:54,2016-01-29 09:24:28,1,1.0,-73.90985870361328,40.75308227539063,1,N,-73.92987060546875,40.75216674804688,1,5.5,0.0,0.5,0.0,0.0,0.3,6.3
726,2,2016-01-29 09:19:54,2016-01-29 09:32:08,1,1.42,-73.95450592041014,40.777297973632805,1,N,-73.9620590209961,40.76040267944336,1,9.5,0.0,0.5,1.7,0.0,0.3,12.0
727,2,2016-01-29 09:19:54,2016-01-29 09:34:19,1,2.25,-73.97650146484375,40.775421142578125,1,N,-73.95282745361328,40.783100128173835,1,12.0,0.0,0.5,0.7,0.0,0.3,13.5
728,2,2016-01-29 09:19:54,2016-01-29 09:28:31,1,1.23,-73.96485900878906,40.76496887207031,1,N,-73.95982360839844,40.77933883666992,2,7.0,0.0,0.5,0.0,0.0,0.3,7.8
729,2,2016-01-29 09:19:54,2016-01-29 09:48:26,2,13.27,-73.94499206542967,40.783199310302734,1,N,-74.0135269165039,40.64902114868164,1,37.0,0.0,0.5,8.67,5.54,0.3,52.01
730,1,2016-01-29 09:19:55,2016-01-29 09:42:14,1,2.2,-73.98809051513672,40.77937316894531,1,N,-73.97012329101561,40.76017761230469,1,15.0,0.0,0.5,3.15,0.0,0.3,18.95
731,1,2016-01-29 09:19:55,2016-01-29 09:58:34,2,5.9,-74.00445556640625,40.72110366821289,1,N,-73.92340087890625,40.70478057861328,1,27.0,0.0,0.5,5.55,0.0,0.3,33.35
732,1,2016-01-29 09:19:55,2016-01-29 09:50:21,1,5.5,-73.95421600341797,40.81594467163086,1,N,-73.95259094238281,40.789249420166016,2,22.5,0.0,0.5,0.0,0.0,0.3,23.3
733,2,2016-01-29 09:19:55,2016-01-29 10:07:42,1,17.6,-73.9789047241211,40.76190185546875,2,N,-73.77660369873048,40.644866943359375,1,52.0,0.0,0.5,7.5,0.0,0.3,60.3
734,2,2016-01-29 09:19:55,2016-01-29 09:38:41,1,2.32,0.0,0.0,1,N,0.0,0.0,1,13.5,0.0,0.5,0.02,0.0,0.3,14.32
735,2,2016-01-29 09:19:55,2016-01-29 09:46:49,1,2.66,-73.95651245117188,40.76697540283203,1,N,-73.98680877685547,40.753326416015625,1,17.0,0.0,0.5,1.78,0.0,0.3,19.58
736,2,2016-01-29 09:19:55,2016-01-29 09:27:37,1,1.21,-74.00751495361328,40.72615051269531,1,N,-74.0043716430664,40.741661071777344,1,7.0,0.0,0.5,2.0,0.0,0.3,9.8
737,2,2016-01-29 09:19:56,2016-01-29 09:46:04,4,8.54,-73.96080780029298,40.78099060058594,1,N,-73.87300872802734,40.77444076538086,2,29.0,0.0,0.5,0.0,5.54,0.3,35.34
738,2,2016-01-29 09:19:56,2016-01-29 09:39:24,1,2.82,-73.96465301513672,40.791770935058594,1,N,-73.98165893554686,40.75872039794922,1,14.0,0.0,0.5,2.96,0.0,0.3,17.76
739,2,2016-01-29 09:19:56,2016-01-29 09:38:14,2,1.61,-73.9886016845703,40.75886535644531,1,N,-73.96826171875,40.76462936401367,2,12.0,0.0,0.5,0.0,0.0,0.3,12.8
740,2,2016-01-29 09:19:56,2016-01-29 09:32:07,1,1.5,-74.00203704833984,40.7298583984375,1,N,-73.98606872558594,40.74074172973633,1,9.5,0.0,0.5,2.06,0.0,0.3,12.36
741,1,2016-01-29 09:19:57,2016-01-29 09:28:28,1,1.4,-73.89020538330078,40.746219635009766,1,N,-73.89999389648438,40.73675155639648,2,7.5,0.0,0.5,0.0,0.0,0.3,8.3
742,1,2016-01-29 09:19:57,2016-01-29 09:24:49,1,1.0,-73.9581527709961,40.78460693359375,1,N,-73.96730041503906,40.7879638671875,1,6.0,0.0,0.5,2.0,0.0,0.3,8.8
743,1,2016-01-29 09:19:57,2016-01-29 09:28:34,1,0.9,-73.96488952636719,40.806804656982415,1,N,-73.96115112304686,40.796688079833984,1,7.5,0.0,0.5,1.6,0.0,0.3,9.9
744,1,2016-01-29 09:19:57,2016-01-29 09:32:35,1,1.9,-73.99151611328125,40.744773864746094,1,N,-73.97454833984375,40.75956726074219,1,9.5,0.0,0.5,2.05,0.0,0.3,12.35
745,1,2016-01-29 09:19:57,2016-01-29 09:28:48,1,0.8,-73.95367431640625,40.782039642333984,1,N,-73.96173858642578,40.77093124389648,1,7.0,0.0,0.5,1.55,0.0,0.3,9.35
746,1,2016-01-29 09:19:57,2016-01-29 09:21:46,1,0.6,-73.96063995361328,40.76993560791016,1,N,-73.95515441894531,40.777122497558594,1,3.5,0.0,0.5,0.85,0.0,0.3,5.15
747,2,2016-01-29 09:19:57,2016-01-29 09:38:32,1,2.0,-74.00630187988281,40.733280181884766,1,N,-73.98097229003906,40.73873901367188,2,13.0,0.0,0.5,0.0,0.0,0.3,13.8
748,2,2016-01-29 09:19:57,2016-01-29 09:41:13,1,3.1,-73.9798126220703,40.754730224609375,1,N,-73.98800659179686,40.720020294189446,1,15.5,0.0,0.5,3.26,0.0,0.3,19.56
749,2,2016-01-29 09:19:57,2016-01-29 09:35:38,2,3.67,-74.00746154785155,40.70376205444336,1,N,-73.99302673339844,40.72792816162109,1,14.5,0.0,0.5,3.06,0.0,0.3,18.36
750,1,2016-01-29 09:19:58,2016-01-29 09:29:45,1,0.9,-73.99842834472656,40.74522399902344,1,N,-73.98760223388672,40.75006866455078,1,7.5,0.0,0.5,0.0,0.0,0.3,8.3
751,1,2016-01-29 09:19:58,2016-01-29 09:24:27,1,0.8,-73.9931640625,40.74308013916016,1,N,-74.0052261352539,40.74991607666016,2,5.0,0.0,0.5,0.0,0.0,0.3,5.8
752,1,2016-01-29 09:19:58,2016-01-29 09:25:00,1,0.3,-73.98177337646483,40.74623107910156,1,N,-73.97571563720702,40.74470520019531,2,5.0,0.0,0.5,0.0,0.0,0.3,5.8
753,1,2016-01-29 09:19:58,2016-01-29 09:38:06,1,3.9,-73.9830322265625,40.68962860107422,1,N,-73.95279693603516,40.710636138916016,2,16.0,0.0,0.5,0.0,0.0,0.3,16.8
754,1,2016-01-29 09:19:59,2016-01-29 09:39:36,1,1.2,-73.96257781982422,40.7571678161621,1,N,-73.9765396118164,40.75385665893555,2,12.5,0.0,0.5,0.0,0.0,0.3,13.3
755,1,2016-01-29 09:19:59,2016-01-29 09:24:20,1,0.5,-73.97232055664062,40.7556037902832,1,N,-73.97720336914062,40.75778579711913,1,4.5,0.0,0.5,1.05,0.0,0.3,6.35
756,2,2016-01-29 09:19:59,2016-01-29 09:26:12,5,0.88,-73.93572998046875,40.796199798583984,1,N,-73.94999694824217,40.802200317382805,1,6.0,0.0,0.5,1.0,0.0,0.3,7.8
757,2,2016-01-29 09:19:59,2016-01-29 09:35:22,1,1.26,-74.00637054443358,40.73751831054688,1,N,-73.99112701416014,40.74515151977539,1,10.5,0.0,0.5,2.26,0.0,0.3,13.56
758,2,2016-01-29 09:19:59,2016-01-29 09:24:48,1,0.91,-73.99114990234375,40.7330322265625,1,N,-73.99893188476561,40.72231674194336,2,5.5,0.0,0.5,0.0,0.0,0.3,6.3
759,2,2016-01-29 09:19:59,2016-01-29 09:34:09,6,1.83,-73.97503662109375,40.75252914428711,1,N,-73.95452117919923,40.76713180541992,2,10.5,0.0,0.5,0.0,0.0,0.3,11.3
760,1,2016-01-29 09:20:00,2016-01-29 09:28:17,1,1.3,-74.0032730102539,40.726875305175774,1,N,-73.98816680908203,40.73180389404297,1,7.5,0.0,0.5,1.0,0.0,0.3,9.3
761,1,2016-01-29 09:20:00,2016-01-29 09:46:03,1,9.8,-73.95342254638672,40.7851791381836,1,N,-74.00992584228516,40.72150802612305,1,30.0,0.0,0.5,6.15,0.0,0.3,36.95
762,1,2016-01-29 09:20:00,2016-01-29 09:26:04,1,0.5,-73.97846984863281,40.78582763671875,1,N,-73.98159790039062,40.7793197631836,2,6.0,0.0,0.5,0.0,0.0,0.3,6.8
763,1,2016-01-29 09:20:00,2016-01-29 09:57:12,1,5.1,-73.99211120605469,40.711101531982415,1,N,-73.97261047363281,40.76249694824219,1,26.0,0.0,0.5,1.5,0.0,0.3,28.3
764,2,2016-01-29 09:20:00,2016-01-29 09:31:38,1,1.32,-73.97508239746092,40.765239715576165,1,N,-73.99078369140625,40.77547836303711,2,8.5,0.0,0.5,0.0,0.0,0.3,9.3
765,1,2016-01-29 09:20:01,2016-01-29 09:29:12,2,1.4,-73.94777679443358,40.775089263916016,1,N,-73.96089935302734,40.75725555419922,1,8.0,0.0,0.5,1.75,0.0,0.3,10.55
766,2,2016-01-29 09:20:01,2016-01-29 09:23:27,1,0.77,-73.95877075195312,40.7722282409668,1,N,-73.95179748535155,40.782012939453125,1,4.5,0.0,0.5,1.06,0.0,0.3,6.36
767,2,2016-01-29 09:20:01,2016-01-29 09:27:28,1,0.81,-73.97872161865233,40.74104690551758,1,N,-73.97583770751953,40.749786376953125,1,6.5,0.0,0.5,1.82,0.0,0.3,9.12
768,1,2016-01-29 09:20:02,2016-01-29 09:40:16,1,10.6,-73.97394561767578,40.756927490234375,1,N,-73.8724594116211,40.77452850341797,2,31.0,0.0,0.5,0.0,5.54,0.3,37.34
769,1,2016-01-29 09:20:02,2016-01-29 09:28:51,1,0.8,-73.9976806640625,40.720848083496094,1,N,-73.99723815917967,40.72977828979492,1,7.0,0.0,0.5,1.95,0.0,0.3,9.75
770,1,2016-01-29 09:20:02,2016-01-29 09:25:00,1,0.7,-73.97246551513672,40.76525115966797,1,N,-73.97908782958984,40.75591659545898,1,5.0,0.0,0.5,3.0,0.0,0.3,8.8
771,1,2016-01-29 09:20:02,2016-01-29 09:33:05,1,1.9,-73.9957733154297,40.759765625,1,N,-74.0080795288086,40.7384033203125,1,10.5,0.0,0.5,1.0,0.0,0.3,12.3
772,1,2016-01-29 09:20:02,2016-01-29 09:36:40,1,1.5,-74.0068130493164,40.73556137084961,1,N,-73.98709106445312,40.740535736083984,1,11.5,0.0,0.5,3.65,0.0,0.3,15.95
773,1,2016-01-29 09:20:02,2016-01-29 09:29:22,1,1.3,-74.01620483398438,40.715030670166016,1,N,-74.01026916503906,40.703323364257805,1,8.0,0.0,0.5,1.32,0.0,0.3,10.12
774,2,2016-01-29 09:20:02,2016-01-29 09:32:32,1,0.77,-73.97911834716798,40.7443962097168,1,N,-73.97171783447266,40.75382995605469,1,9.0,0.0,0.5,2.94,0.0,0.3,12.74
775,2,2016-01-29 09:20:02,2016-01-29 09:46:48,1,1.97,-73.99129486083984,40.74979019165039,1,N,-73.97453308105469,40.752838134765625,2,16.5,0.0,0.5,0.0,0.0,0.3,17.3
776,2,2016-01-29 09:20:02,2016-01-29 09:29:17,1,1.02,-73.99150848388672,40.76522064208984,1,N,-73.99249267578125,40.75495147705078,2,7.5,0.0,0.5,0.0,0.0,0.3,8.3
777,2,2016-01-29 09:20:02,2016-01-29 09:26:04,1,0.52,-73.98609161376953,40.74908065795898,1,N,-73.9769515991211,40.74515914916992,1,5.5,0.0,0.5,3.0,0.0,0.3,9.3
778,2,2016-01-29 09:20:02,2016-01-29 09:34:53,1,1.12,-73.99140930175781,40.74972534179688,1,N,-73.97622680664062,40.74176025390625,2,10.0,0.0,0.5,0.0,0.0,0.3,10.8
779,2,2016-01-29 09:20:02,2016-01-29 09:30:24,5,1.18,-73.96504211425781,40.76924896240234,1,N,-73.95997619628906,40.75817108154297,1,8.0,0.0,0.5,1.76,0.0,0.3,10.56
780,2,2016-01-29 09:20:02,2016-01-29 09:55:13,6,12.16,-73.87284851074217,40.774070739746094,1,N,-73.98896026611328,40.73488235473633,2,38.0,0.0,0.5,0.0,5.54,0.3,44.34
781,2,2016-01-29 09:20:03,2016-01-29 09:24:20,1,1.15,-73.96394348144531,40.77349090576172,1,N,-73.97364807128906,40.77946853637695,1,5.5,0.0,0.5,1.26,0.0,0.3,7.56
782,2,2016-01-29 09:20:03,2016-01-29 09:34:53,5,1.85,-73.98152923583984,40.747108459472656,1,N,-74.00266265869139,40.73905944824219,1,10.5,0.0,0.5,1.0,0.0,0.3,12.3
783,2,2016-01-29 09:20:03,2016-01-29 09:45:52,1,2.04,-73.95388793945312,40.77870941162109,1,N,-73.9714584350586,40.75756072998047,2,16.0,0.0,0.5,0.0,0.0,0.3,16.8
784,1,2016-01-29 09:20:04,2016-01-29 09:22:43,1,0.3,-74.00066375732422,40.74696350097656,1,N,-73.9945297241211,40.7445068359375,1,4.0,0.0,0.5,0.95,0.0,0.3,5.75
785,2,2016-01-29 09:20:04,2016-01-29 09:34:57,2,2.44,-73.98204803466798,40.77672576904297,1,N,-73.96395111083984,40.807716369628906,1,12.5,0.0,0.5,2.0,0.0,0.3,15.3
786,2,2016-01-29 09:20:04,2016-01-29 09:38:15,6,1.94,-73.97924041748048,40.771610260009766,1,N,-73.9744415283203,40.7522087097168,2,12.5,0.0,0.5,0.0,0.0,0.3,13.3
787,2,2016-01-29 09:20:04,2016-01-29 09:33:35,5,2.03,-73.98690032958984,40.7395896911621,1,N,-73.9895782470703,40.734390258789055,1,11.0,0.0,0.5,0.0,0.0,0.3,11.8
788,2,2016-01-29 09:20:04,2016-01-29 09:37:30,1,2.07,-73.9874267578125,40.77092361450195,1,N,-73.96941375732422,40.758033752441406,1,12.0,0.0,0.5,2.56,0.0,0.3,15.36
789,2,2016-01-29 09:20:04,2016-01-29 09:37:29,1,2.91,-73.95088195800781,40.77479553222656,1,N,-73.98188018798828,40.76795959472656,1,13.5,0.0,0.5,1.25,0.0,0.3,15.55
790,1,2016-01-29 09:20:05,2016-01-29 09:37:30,2,1.5,-73.96937561035155,40.75722885131836,1,N,-73.97470855712889,40.74184036254882,2,11.5,0.0,0.5,0.0,0.0,0.3,12.3
791,1,2016-01-29 09:20:05,2016-01-29 09:30:13,1,0.6,-73.97880554199219,40.75412368774414,1,N,-73.97254943847656,40.76193618774414,2,7.5,0.0,0.5,0.0,0.0,0.3,8.3
792,1,2016-01-29 09:20:05,2016-01-29 10:07:03,1,2.9,-73.97966003417967,40.75300979614258,1,N,-74.0038833618164,40.72109222412109,1,20.5,0.0,0.5,4.25,0.0,0.3,25.55
793,1,2016-01-29 09:20:05,2016-01-29 09:31:06,1,1.7,-73.97552490234375,40.78708267211913,1,N,-73.96221923828125,40.772071838378906,1,9.0,0.0,0.5,1.95,0.0,0.3,11.75
794,2,2016-01-29 09:20:05,2016-01-29 09:25:27,1,0.96,-73.94611358642578,40.77741241455078,1,N,-73.95480346679686,40.76536560058594,2,6.0,0.0,0.5,0.0,0.0,0.3,6.8
795,2,2016-01-29 09:20:05,2016-01-29 09:20:07,1,0.0,-74.0051498413086,40.70602035522461,5,N,-74.00513458251953,40.70601272583008,1,65.0,0.0,0.5,0.0,0.0,0.3,65.8
796,2,2016-01-29 09:20:05,2016-01-29 09:25:58,6,0.85,-73.9901123046875,40.75653076171875,1,N,-73.98139190673827,40.7635498046875,1,5.5,0.0,0.5,1.26,0.0,0.3,7.56
797,1,2016-01-29 09:20:06,2016-01-29 09:25:55,1,0.7,0.0,0.0,1,N,0.0,0.0,2,5.0,0.0,0.5,0.0,0.0,0.3,5.8
798,1,2016-01-29 09:20:06,2016-01-29 09:54:46,1,10.9,-73.94795227050781,40.77887725830078,1,N,-73.9641876220703,40.674835205078125,2,34.5,0.0,0.5,0.0,0.0,0.3,35.3
799,2,2016-01-29 09:20:06,2016-01-29 09:31:15,1,1.14,-73.98269653320312,40.755985260009766,1,N,-73.99116516113281,40.74897384643555,1,8.5,0.0,0.5,2.79,0.0,0.3,12.09
800,2,2016-01-29 09:20:06,2016-01-29 09:23:40,1,0.54,-74.0170669555664,40.708023071289055,1,N,-74.01394653320312,40.70353698730469,1,4.5,0.0,0.5,1.06,0.0,0.3,6.36
801,1,2016-01-29 09:20:07,2016-01-29 09:26:26,2,0.9,-73.97359466552734,40.761882781982415,1,N,-73.96394348144531,40.773738861083984,2,6.0,0.0,0.5,0.0,0.0,0.3,6.8
802,1,2016-01-29 09:20:07,2016-01-29 09:33:06,1,1.7,-73.99525451660156,40.7252082824707,1,N,-73.98368835449217,40.746768951416016,1,10.0,0.0,0.5,2.15,0.0,0.3,12.95
803,1,2016-01-29 09:20:09,2016-01-29 09:39:24,1,2.5,-73.99317932128906,40.76778411865234,1,N,-73.96100616455078,40.774799346923835,1,13.5,0.0,0.5,2.85,0.0,0.3,17.15
804,1,2016-01-29 09:20:09,2016-01-29 09:30:23,1,1.4,-73.97708129882812,40.78000259399414,1,N,-73.97158813476561,40.766277313232415,1,8.5,0.0,0.5,1.0,0.0,0.3,10.3
805,1,2016-01-29 09:20:09,2016-01-29 09:38:12,1,3.8,-73.99126434326173,40.71705627441406,1,Y,-73.97023773193358,40.748584747314446,1,16.0,0.0,0.5,3.7,0.0,0.3,20.5
806,1,2016-01-29 09:20:09,2016-01-29 09:37:49,1,2.5,-73.97789001464844,40.74861145019531,1,N,-74.0051040649414,40.72866821289063,1,13.0,0.0,0.5,1.0,0.0,0.3,14.8
807,2,2016-01-29 09:20:09,2016-01-29 09:25:27,3,0.0,-74.00137329101561,40.71624374389648,5,N,-74.00140380859375,40.71623611450195,1,30.0,0.0,0.0,0.0,0.0,0.3,30.3
808,2,2016-01-29 09:20:09,2016-01-29 09:55:37,1,10.03,-73.87290954589844,40.77415084838867,1,N,-73.97041320800781,40.7618408203125,2,34.0,0.0,0.5,0.0,5.54,0.3,40.34
809,2,2016-01-29 09:20:09,2016-01-29 09:24:24,1,0.86,-73.93067932128906,40.65396881103516,1,N,-73.94506072998048,40.65446853637695,1,5.0,0.0,0.5,1.16,0.0,0.3,6.96
810,2,2016-01-29 09:20:09,2016-01-29 09:39:47,1,1.3,0.0,0.0,1,N,0.0,0.0,1,12.5,0.0,0.5,2.66,0.0,0.3,15.96
811,1,2016-01-29 09:20:10,2016-01-29 09:30:44,1,1.8,-73.9537582397461,40.76716613769531,1,N,-73.97154235839844,40.75529098510742,1,9.0,0.0,0.5,1.0,0.0,0.3,10.8
812,1,2016-01-29 09:20:10,2016-01-29 09:27:41,1,0.4,-73.97488403320312,40.7557373046875,1,N,-73.96892547607422,40.75836563110352,1,6.0,0.0,0.5,2.0,0.0,0.3,8.8
813,2,2016-01-29 09:20:10,2016-01-29 09:40:48,1,1.82,-73.95530700683594,40.78245162963867,1,N,-73.96797180175781,40.76115036010742,1,14.0,0.0,0.5,4.44,0.0,0.3,19.24
814,2,2016-01-29 09:20:10,2016-01-29 09:36:42,1,1.17,-73.96936798095702,40.7606201171875,1,N,-73.9855728149414,40.76008224487305,1,11.0,0.0,0.5,2.95,0.0,0.3,14.75
815,2,2016-01-29 09:20:10,2016-01-29 09:25:37,1,0.52,-73.98961639404298,40.75678634643555,1,N,-73.9832534790039,40.757625579833984,1,5.0,0.0,0.5,1.74,0.0,0.3,7.54
816,2,2016-01-29 09:20:10,2016-01-29 09:53:15,5,5.3,-73.970458984375,40.789058685302734,1,N,-73.98948669433594,40.740528106689446,1,23.5,0.0,0.5,3.08,0.0,0.3,27.38
817,2,2016-01-29 09:20:10,2016-01-29 09:49:03,1,3.09,-73.99569702148438,40.75928115844727,1,N,-73.95533752441406,40.764190673828125,2,18.0,0.0,0.5,0.0,0.0,0.3,18.8
818,2,2016-01-29 09:20:10,2016-01-29 09:27:12,4,0.69,-73.97282409667967,40.75591659545898,1,N,-73.97908020019531,40.749408721923835,1,6.0,0.0,0.5,1.7,0.0,0.3,8.5
819,2,2016-01-29 09:20:10,2016-01-29 09:47:01,3,4.15,-73.94908142089844,40.77086639404297,1,N,-73.98953247070312,40.74478530883789,1,20.0,0.0,0.5,4.16,0.0,0.3,24.96
820,1,2016-01-29 09:20:11,2016-01-29 09:27:18,1,1.0,-73.98631286621094,40.75250244140625,1,N,-73.99095153808595,40.73917388916016,2,6.5,0.0,0.5,0.0,0.0,0.3,7.3
821,2,2016-01-29 09:20:11,2016-01-29 09:34:24,1,4.99,-73.97773742675781,40.784122467041016,1,N,-73.94355773925781,40.84041595458984,1,17.0,0.0,0.5,2.0,0.0,0.3,19.8
822,2,2016-01-29 09:20:11,2016-01-29 09:25:02,2,0.67,-73.98173522949219,40.76779174804688,1,N,-73.97209167480467,40.76382446289063,1,5.0,0.0,0.5,1.45,0.0,0.3,7.25
823,2,2016-01-29 09:20:11,2016-01-29 09:42:05,5,2.44,-73.96544647216798,40.768741607666016,1,N,-73.99153900146483,40.74903106689453,2,14.5,0.0,0.5,0.0,0.0,0.3,15.3
824,2,2016-01-29 09:20:11,2016-01-29 09:41:07,2,4.17,-74.01710510253906,40.705425262451165,1,N,-73.99193572998048,40.751426696777344,1,17.0,0.0,0.5,3.56,0.0,0.3,21.36
825,1,2016-01-29 09:20:12,2016-01-29 09:40:54,1,5.0,-73.97875213623048,40.75251770019531,1,N,-74.00037384033203,40.714351654052734,1,20.0,0.0,0.5,6.2,0.0,0.3,27.0
826,1,2016-01-29 09:20:12,2016-01-29 09:27:29,3,0.5,-73.97149658203125,40.7513084411621,1,N,-73.97598266601561,40.74455642700195,1,6.0,0.0,0.5,1.36,0.0,0.3,8.16
827,1,2016-01-29 09:20:12,2016-01-29 09:31:08,1,1.8,-73.98213195800781,40.77684783935546,1,N,-73.95962524414062,40.77995681762695,2,9.0,0.0,0.5,0.0,0.0,0.3,9.8
828,2,2016-01-29 09:20:12,2016-01-29 10:07:09,1,16.81,-73.9945068359375,40.75525665283203,2,N,-73.78984832763672,40.64306640625,1,52.0,0.0,0.5,5.0,0.0,0.3,57.8
829,2,2016-01-29 09:20:12,2016-01-29 09:24:23,1,0.77,-73.9788818359375,40.77742004394531,1,N,-73.98658752441406,40.776798248291016,1,5.0,0.0,0.5,1.0,0.0,0.3,6.8
830,1,2016-01-29 09:20:13,2016-01-29 09:28:55,1,1.8,-73.95371246337889,40.77862548828125,1,N,-73.97795104980467,40.77705764770508,1,8.5,0.0,0.5,2.3,0.0,0.3,11.6
831,2,2016-01-29 09:20:13,2016-01-29 09:33:43,5,0.95,-73.96885681152342,40.7666015625,1,N,-73.9699935913086,40.75844955444336,2,9.5,0.0,0.5,0.0,0.0,0.3,10.3
832,2,2016-01-29 09:20:13,2016-01-29 09:45:33,3,3.66,-74.00238037109375,40.72949981689453,1,N,-73.96768951416014,40.77025985717773,1,17.5,0.0,0.5,2.0,0.0,0.3,20.3
833,2,2016-01-29 09:20:13,2016-01-29 09:34:00,1,2.04,-73.94586944580078,40.77783584594727,1,N,-73.96826171875,40.76218795776367,2,11.0,0.0,0.5,0.0,0.0,0.3,11.8
834,2,2016-01-29 09:20:13,2016-01-29 09:35:06,1,2.35,-73.98993682861328,40.73365020751953,1,N,-73.9695816040039,40.76163864135742,1,12.0,0.0,0.5,2.56,0.0,0.3,15.36
835,2,2016-01-29 09:20:13,2016-01-29 09:25:58,5,0.66,-73.97300720214845,40.74661636352539,1,N,-73.97321319580078,40.75303649902344,1,5.5,0.0,0.5,1.26,0.0,0.3,7.56
836,1,2016-01-29 09:20:14,2016-01-29 09:36:03,1,2.0,-73.9782943725586,40.752338409423835,1,N,-74.00496673583984,40.751686096191406,1,12.0,0.0,0.5,2.55,0.0,0.3,15.35
837,1,2016-01-29 09:20:14,2016-01-29 09:29:02,1,0.7,-73.99952697753906,40.743751525878906,1,N,-73.98883056640625,40.74354553222656,1,7.0,0.0,0.5,1.55,0.0,0.3,9.35
838,1,2016-01-29 09:20:14,2016-01-29 09:48:14,1,2.6,-73.97676849365233,40.739200592041016,1,N,-73.95124053955078,40.76994323730469,1,18.0,0.0,0.5,3.75,0.0,0.3,22.55
839,1,2016-01-29 09:20:14,2016-01-29 09:35:52,1,2.6,-73.96297454833984,40.79389572143555,1,N,-73.98188781738281,40.762481689453125,2,12.0,0.0,0.5,0.0,0.0,0.3,12.8
840,2,2016-01-29 09:20:14,2016-01-29 09:42:10,1,1.03,-73.96265411376953,40.76469039916992,1,N,-73.97246551513672,40.76227188110352,2,13.5,0.0,0.5,0.0,0.0,0.3,14.3
841,2,2016-01-29 09:20:14,2016-01-29 09:33:19,6,1.09,-73.97853851318358,40.76333618164063,1,N,-73.97941589355469,40.754371643066406,2,9.5,0.0,0.5,0.0,0.0,0.3,10.3
842,2,2016-01-29 09:20:14,2016-01-29 09:43:51,1,9.46,-73.86282348632812,40.768821716308594,1,N,-73.95468902587889,40.76578521728516,1,28.0,0.0,0.5,6.87,5.54,0.3,41.21
843,2,2016-01-29 09:20:14,2016-01-29 09:29:22,1,0.79,-73.98999786376953,40.75603866577149,1,N,-73.98339080810547,40.76172256469727,1,7.0,0.0,0.5,1.56,0.0,0.3,9.36
844,2,2016-01-29 09:20:14,2016-01-29 09:27:48,1,1.23,-73.9503173828125,40.78670883178711,1,N,-73.95382690429686,40.772659301757805,2,7.0,0.0,0.5,0.0,0.0,0.3,7.8
845,1,2016-01-29 09:20:15,2016-01-29 09:26:35,1,0.6,-73.95081329345702,40.77478790283203,1,N,-73.96085357666014,40.77921676635742,2,5.5,0.0,0.5,0.0,0.0,0.3,6.3
846,2,2016-01-29 09:20:15,2016-01-29 09:42:50,2,1.57,-73.99109649658203,40.770145416259766,1,N,-73.97005462646483,40.75984573364258,1,14.0,0.0,0.5,2.96,0.0,0.3,17.76
847,2,2016-01-29 09:20:15,2016-01-29 09:29:52,4,1.0,-73.98688507080078,40.755313873291016,1,N,-73.97502136230467,40.754276275634766,2,7.5,0.0,0.5,0.0,0.0,0.3,8.3
848,1,2016-01-29 09:20:16,2016-01-29 09:36:57,1,2.2,-73.95519256591797,40.7689208984375,1,N,-73.98101043701173,40.781864166259766,1,12.5,0.0,0.5,2.65,0.0,0.3,15.95
849,1,2016-01-29 09:20:16,2016-01-29 09:39:45,1,2.2,-74.00506591796875,40.719135284423835,1,N,-73.988037109375,40.74512100219727,2,13.5,0.0,0.5,0.0,0.0,0.3,14.3
850,1,2016-01-29 09:20:16,2016-01-29 09:27:58,1,1.1,-73.95864868164062,40.77261734008789,1,N,-73.94499206542967,40.778911590576165,1,7.0,0.0,0.5,1.56,0.0,0.3,9.36
851,1,2016-01-29 09:20:16,2016-01-29 09:42:55,1,5.5,-73.97796630859375,40.75313186645508,1,N,-74.01114654541014,40.70181274414063,1,21.5,0.0,0.5,5.0,0.0,0.3,27.3
852,1,2016-01-29 09:20:16,2016-01-29 09:33:35,1,1.3,-73.99053192138672,40.72892379760742,1,N,-74.00215148925781,40.740428924560554,1,9.5,0.0,0.5,1.0,0.0,0.3,11.3
853,1,2016-01-29 09:20:16,2016-01-29 09:48:00,1,2.7,-73.98578643798828,40.73280334472656,1,N,-73.9901351928711,40.75822830200195,2,17.5,0.0,0.5,0.0,0.0,0.3,18.3
854,2,2016-01-29 09:20:16,2016-01-29 09:48:46,1,4.71,-73.98789978027342,40.77017974853516,1,N,-74.00695037841797,40.71622848510742,1,20.5,0.0,0.5,4.26,0.0,0.3,25.56
855,2,2016-01-29 09:20:16,2016-01-29 09:36:25,1,2.05,-73.99828338623048,40.74552154541016,1,N,-73.97612762451173,40.762939453125,1,11.5,0.0,0.5,2.46,0.0,0.3,14.76
856,2,2016-01-29 09:20:16,2016-01-29 09:22:27,5,0.45,-73.95320129394531,40.77996826171875,1,N,-73.94915008544923,40.78528594970703,2,3.5,0.0,0.5,0.0,0.0,0.3,4.3
857,2,2016-01-29 09:20:16,2016-01-29 09:30:41,4,1.07,-73.96144866943358,40.77017974853516,1,N,-73.97189331054686,40.75939178466797,1,8.0,0.0,0.5,1.76,0.0,0.3,10.56
858,1,2016-01-29 09:20:17,2016-01-29 09:31:56,1,1.9,-73.9940185546875,40.726680755615234,1,N,-73.97810363769531,40.7510871887207,1,9.5,0.0,0.5,2.06,0.0,0.3,12.36
859,2,2016-01-29 09:20:17,2016-01-29 09:51:03,1,5.32,-74.01512145996092,40.70882034301758,1,N,-73.97332763671875,40.74355697631836,1,23.0,0.0,0.5,0.0,0.0,0.3,23.8
860,1,2016-01-29 09:20:18,2016-01-29 09:40:13,1,2.1,-73.98235321044923,40.7682991027832,1,N,-73.99337005615233,40.74309539794922,2,13.0,0.0,0.5,0.0,0.0,0.3,13.8
861,1,2016-01-29 09:20:18,2016-01-29 09:33:18,1,1.8,-73.95950317382812,40.771308898925774,1,N,-73.96630096435547,40.789897918701165,2,10.5,0.0,0.5,0.0,0.0,0.3,11.3
862,1,2016-01-29 09:20:18,2016-01-29 09:23:28,1,0.5,-73.99649810791014,40.7530517578125,1,N,-74.0045394897461,40.752349853515625,1,4.5,0.0,0.5,0.7,0.0,0.3,6.0
863,2,2016-01-29 09:20:18,2016-01-29 09:31:20,2,0.79,-73.9816665649414,40.74665069580078,1,N,-73.9740982055664,40.74327850341797,1,8.0,0.0,0.5,1.0,0.0,0.3,9.8
864,1,2016-01-29 09:20:19,2016-01-29 09:24:47,1,1.1,-73.97614288330078,40.78580474853516,1,N,-73.9651870727539,40.8008918762207,2,5.5,0.0,0.5,0.0,0.0,0.3,6.3
865,2,2016-01-29 09:20:19,2016-01-29 09:26:47,6,0.52,-73.992919921875,40.722900390625,1,N,-73.9919662475586,40.729351043701165,1,5.5,0.0,0.5,1.26,0.0,0.3,7.56
866,2,2016-01-29 09:20:19,2016-01-29 09:25:14,5,0.6,-73.98271179199219,40.76483154296875,1,N,-73.99231719970702,40.76895904541016,2,5.0,0.0,0.5,0.0,0.0,0.3,5.8
867,1,2016-01-29 09:20:20,2016-01-29 09:49:26,1,2.8,-74.00437927246092,40.75218963623047,1,N,-73.97015380859375,40.762977600097656,1,18.5,0.0,0.5,3.85,0.0,0.3,23.15
868,1,2016-01-29 09:20:20,2016-01-29 09:24:40,2,0.3,-73.97146606445312,40.79536056518555,1,N,-73.97429656982422,40.79075622558594,2,4.5,0.0,0.5,0.0,0.0,0.3,5.3
869,1,2016-01-29 09:20:20,2016-01-29 09:32:19,1,1.4,-73.95763397216798,40.765899658203125,1,N,-73.97610473632812,40.76383209228516,1,9.0,0.0,0.5,1.0,0.0,0.3,10.8
870,2,2016-01-29 09:20:20,2016-01-29 09:38:53,5,2.71,-74.00135040283203,40.736980438232415,1,N,-73.97663116455078,40.76398849487305,1,13.5,0.0,0.5,2.86,0.0,0.3,17.16
871,2,2016-01-29 09:20:20,2016-01-29 09:43:03,1,9.39,-73.95503997802734,40.76495361328125,1,N,-73.8645248413086,40.7701416015625,1,28.0,0.0,0.5,6.87,5.54,0.3,41.21
872,2,2016-01-29 09:20:20,2016-01-29 09:22:28,2,0.25,-73.99591064453125,40.74430084228516,1,N,-73.99801635742188,40.74095153808594,2,3.5,0.0,0.5,0.0,0.0,0.3,4.3
873,2,2016-01-29 09:20:20,2016-01-29 09:39:23,1,6.9,-73.95870208740233,40.759010314941406,1,N,-73.95870208740233,40.759010314941406,2,22.0,0.0,0.5,0.0,0.0,0.3,22.8
874,1,2016-01-29 09:20:21,2016-01-29 09:20:33,1,0.0,0.0,0.0,1,N,0.0,0.0,2,2.5,0.0,0.5,0.0,0.0,0.3,3.3
875,2,2016-01-29 09:20:21,2016-01-29 09:47:31,1,4.31,-73.94515991210938,40.77878952026367,1,N,-73.98697662353516,40.73664855957031,2,21.0,0.0,0.5,0.0,0.0,0.3,21.8
876,2,2016-01-29 09:20:21,2016-01-29 10:10:36,5,12.8,-73.86306762695312,40.76945114135742,1,N,-73.9873504638672,40.75566864013672,1,46.0,0.0,0.5,10.47,5.54,0.3,62.81
877,2,2016-01-29 09:20:21,2016-01-29 09:32:59,1,2.01,-73.96762084960938,40.80113983154297,1,N,-73.9529037475586,40.783050537109375,1,10.5,0.0,0.5,2.26,0.0,0.3,13.56
878,1,2016-01-29 09:20:22,2016-01-29 09:38:27,1,2.3,-73.97431182861328,40.78738021850586,1,N,-73.96976470947266,40.76298522949219,2,13.5,0.0,0.5,0.0,0.0,0.3,14.3
879,2,2016-01-29 09:20:22,2016-01-29 09:42:44,1,4.02,-73.95630645751953,40.774696350097656,1,N,-73.98529815673827,40.738765716552734,1,18.0,0.0,0.5,2.0,0.0,0.3,20.8
880,2,2016-01-29 09:20:22,2016-01-29 09:27:21,1,0.9,-73.96638488769531,40.770301818847656,1,N,-73.97149658203125,40.760215759277344,1,6.5,0.0,0.5,1.82,0.0,0.3,9.12
881,2,2016-01-29 09:20:22,2016-01-29 09:31:39,1,1.87,-73.95157623291014,40.764892578125,1,N,-73.95070648193358,40.78318786621094,2,9.5,0.0,0.5,0.0,0.0,0.3,10.3
882,1,2016-01-29 09:20:23,2016-01-29 09:44:32,1,10.8,-73.87314605712889,40.77413558959961,1,N,-73.90565490722656,40.6787223815918,1,32.0,0.0,0.5,2.0,0.0,0.3,34.8
883,2,2016-01-29 09:20:23,2016-01-29 09:45:29,1,2.34,-73.99144744873048,40.74982070922852,1,N,-73.97129821777344,40.765300750732415,1,16.0,0.0,0.5,3.36,0.0,0.3,20.16
884,2,2016-01-29 09:20:23,2016-01-29 09:27:39,1,2.13,-74.01390838623048,40.71284866333008,1,N,-74.00759887695312,40.74285888671875,1,8.5,0.0,0.5,1.86,0.0,0.3,11.16
885,2,2016-01-29 09:20:23,2016-01-29 09:28:12,1,0.86,-73.9768295288086,40.74361801147461,1,N,-73.98896026611328,40.742923736572266,1,6.5,0.0,0.5,1.82,0.0,0.3,9.12
886,2,2016-01-29 09:20:23,2016-01-29 09:37:03,1,2.79,-73.9481430053711,40.77452850341797,1,N,-73.97757720947266,40.75453186035156,1,13.0,0.0,0.5,2.76,0.0,0.3,16.56
887,1,2016-01-29 09:20:24,2016-01-29 09:31:21,1,1.3,-73.98748779296875,40.729297637939446,1,N,-74.00664520263672,40.7363395690918,1,8.5,0.0,0.5,3.0,0.0,0.3,12.3
888,1,2016-01-29 09:20:24,2016-01-29 09:47:55,1,8.7,-73.87096405029298,40.773941040039055,1,N,-73.98149871826173,40.73990631103516,1,29.0,0.0,0.5,8.8,5.54,0.3,44.14
889,2,2016-01-29 09:20:24,2016-01-29 09:48:45,1,4.79,-74.00995635986328,40.72092819213867,1,N,-73.97519683837889,40.76351165771485,1,20.5,0.0,0.5,4.26,0.0,0.3,25.56
890,1,2016-01-29 09:20:25,2016-01-29 09:29:30,1,1.5,-73.9537582397461,40.778926849365234,1,N,-73.96626281738281,40.79243087768555,1,8.0,0.0,0.5,1.76,0.0,0.3,10.56
891,1,2016-01-29 09:20:25,2016-01-29 09:24:44,1,0.6,-73.9850311279297,40.74748229980469,1,N,-73.99114227294923,40.739082336425774,1,4.5,0.0,0.5,1.0,0.0,0.3,6.3
892,1,2016-01-29 09:20:25,2016-01-29 09:28:27,1,0.4,-74.00716400146483,40.74341583251953,1,N,-74.00122833251953,40.74102783203125,1,6.5,0.0,0.5,1.45,0.0,0.3,8.75
893,1,2016-01-29 09:20:25,2016-01-29 09:39:51,1,1.5,-73.98391723632812,40.74034881591797,1,N,-74.00662231445312,40.74151611328125,1,12.5,0.0,0.5,2.0,0.0,0.3,15.3
894,2,2016-01-29 09:20:25,2016-01-29 09:27:14,6,1.01,-73.98806762695312,40.7319564819336,1,N,-73.97924041748048,40.744335174560554,2,6.5,0.0,0.5,0.0,0.0,0.3,7.3
895,2,2016-01-29 09:20:25,2016-01-29 09:29:47,2,1.26,-73.97700500488281,40.763916015625,1,N,-73.9855728149414,40.75519180297852,1,8.0,0.0,0.5,2.64,0.0,0.3,11.44
896,2,2016-01-29 09:20:25,2016-01-29 09:28:04,1,4.45,-73.97501373291014,40.745800018310554,1,N,-74.00987243652342,40.7021598815918,1,13.5,0.0,0.5,2.86,0.0,0.3,17.16
897,1,2016-01-29 09:20:26,2016-01-29 09:23:33,1,0.6,-73.95174407958984,40.769527435302734,1,N,-73.96005249023438,40.77372360229492,2,4.0,0.0,0.5,0.0,0.0,0.3,4.8
898,2,2016-01-29 09:20:26,2016-01-29 09:40:16,1,2.97,-73.97834014892578,40.748008728027344,1,N,-74.00711059570312,40.723190307617195,1,14.5,0.0,0.5,2.0,0.0,0.3,17.3
899,2,2016-01-29 09:20:26,2016-01-29 09:33:15,5,1.78,-73.98000335693358,40.76038360595703,1,N,-73.97561645507811,40.780372619628906,1,10.0,0.0,0.5,1.0,0.0,0.3,11.8
900,2,2016-01-29 09:20:26,2016-01-29 09:34:23,2,2.25,-73.972412109375,40.75904846191406,1,N,-73.95440673828125,40.7871208190918,1,11.0,0.0,0.5,3.54,0.0,0.3,15.34
901,2,2016-01-29 09:20:26,2016-01-29 09:37:26,2,2.43,-73.98421478271484,40.76731491088867,1,N,-73.95820617675781,40.76451110839844,2,12.5,0.0,0.5,0.0,0.0,0.3,13.3
902,1,2016-01-29 09:20:27,2016-01-29 09:30:39,1,1.5,-73.98477172851561,40.73696517944336,1,N,-73.99931335449217,40.72181701660156,1,8.5,0.0,0.5,2.0,0.0,0.3,11.3
903,1,2016-01-29 09:20:27,2016-01-29 09:26:12,1,0.5,-73.9985122680664,40.73988342285156,1,N,-73.99246215820312,40.74188232421875,1,5.5,0.0,0.5,1.0,0.0,0.3,7.3
904,1,2016-01-29 09:20:27,2016-01-29 09:41:54,1,2.7,-74.0057373046875,40.73828887939453,1,N,-73.97698974609375,40.76412963867188,1,15.0,0.0,0.5,3.15,0.0,0.3,18.95
905,2,2016-01-29 09:20:27,2016-01-29 09:39:52,1,2.7,-73.99796295166014,40.72254943847656,1,N,-74.00476837158203,40.749698638916016,1,14.0,0.0,0.5,2.96,0.0,0.3,17.76
906,2,2016-01-29 09:20:27,2016-01-29 09:42:59,5,2.54,-74.00402069091797,40.74795150756836,1,N,-73.97447204589844,40.76306915283203,2,15.5,0.0,0.5,0.0,0.0,0.3,16.3
907,2,2016-01-29 09:20:27,2016-01-29 09:37:39,1,1.6,-73.95552825927734,40.77677154541016,1,N,-73.9732666015625,40.76385116577149,1,11.5,0.0,0.5,2.46,0.0,0.3,14.76
908,2,2016-01-29 09:20:28,2016-01-29 09:24:35,1,0.98,-73.96253967285155,40.767051696777344,1,N,-73.95371246337889,40.77907180786133,1,5.5,0.0,0.5,1.26,0.0,0.3,7.56
909,2,2016-01-29 09:20:28,2016-01-29 09:24:15,2,0.6,-73.98865509033203,40.753326416015625,1,N,-73.98171997070312,40.757572174072266,2,4.5,0.0,0.5,0.0,0.0,0.3,5.3
910,1,2016-01-29 09:20:29,2016-01-29 09:46:40,1,5.3,-74.00415802001953,40.731342315673835,1,N,-73.98784637451173,40.675003051757805,1,22.0,0.0,0.5,5.65,5.54,0.3,33.99
911,1,2016-01-29 09:20:29,2016-01-29 09:23:29,1,0.6,-74.01050567626953,40.7122459411621,1,N,-74.00415802001953,40.71774291992188,2,4.0,0.0,0.5,0.0,0.0,0.3,4.8
912,1,2016-01-29 09:20:29,2016-01-29 09:34:26,1,1.8,-73.98351287841797,40.72595977783203,1,N,-73.97428131103516,40.74427032470703,1,11.0,0.0,0.5,2.36,0.0,0.3,14.16
913,1,2016-01-29 09:20:29,2016-01-29 09:33:33,1,1.7,-73.95984649658203,40.762508392333984,1,N,-73.97605895996092,40.75747680664063,1,10.0,0.0,0.5,1.5,0.0,0.3,12.3
914,2,2016-01-29 09:20:29,2016-01-29 09:29:18,5,1.19,-73.9794921875,40.776641845703125,1,N,-73.97405242919923,40.788738250732415,2,7.5,0.0,0.5,0.0,0.0,0.3,8.3
915,1,2016-01-29 09:20:30,2016-01-29 09:29:57,1,0.5,-73.96577453613281,40.758487701416016,1,N,-73.9730224609375,40.75768661499024,1,7.0,0.0,0.5,1.55,0.0,0.3,9.35
916,1,2016-01-29 09:20:30,2016-01-29 09:37:24,1,2.1,-74.00053405761719,40.7324333190918,1,N,-73.97802734375,40.75129318237305,1,11.5,0.0,0.5,1.0,0.0,0.3,13.3
917,2,2016-01-29 09:20:30,2016-01-29 09:35:57,1,1.32,-73.9576873779297,40.77703094482422,1,N,-73.95406341552734,40.76398086547852,2,10.5,0.0,0.5,0.0,0.0,0.3,11.3
918,2,2016-01-29 09:20:30,2016-01-29 09:29:48,2,3.38,-74.01788330078125,40.709487915039055,1,N,-73.98963928222656,40.70242691040039,1,12.0,0.0,0.5,2.56,0.0,0.3,15.36
919,2,2016-01-29 09:20:30,2016-01-29 09:31:39,3,1.0,-73.96428680419923,40.770217895507805,1,N,-73.97892761230467,40.77229690551758,1,8.0,0.0,0.5,1.76,0.0,0.3,10.56
920,2,2016-01-29 09:20:30,2016-01-29 09:43:38,1,9.47,-73.93601989746092,40.801231384277344,1,N,-74.01640319824217,40.70533752441406,1,28.5,0.0,0.5,2.7,0.0,0.3,32.0
921,1,2016-01-29 09:20:31,2016-01-29 09:43:23,1,7.7,-73.95696258544923,40.78276824951172,1,N,-74.0040283203125,40.707496643066406,1,24.0,0.0,0.5,4.95,0.0,0.3,29.75
922,1,2016-01-29 09:20:31,2016-01-29 09:28:20,1,1.3,-73.96988677978516,40.78953552246094,1,N,-73.97802734375,40.77344512939453,1,7.0,0.0,0.5,1.55,0.0,0.3,9.35
923,1,2016-01-29 09:20:31,2016-01-29 09:28:20,1,0.9,-74.00197601318358,40.74065399169922,1,N,-73.99024200439453,40.74431228637695,2,6.5,0.0,0.5,0.0,0.0,0.3,7.3
924,1,2016-01-29 09:20:31,2016-01-29 09:31:08,1,1.3,-73.98949432373048,40.68881988525391,1,N,-73.99079895019531,40.702930450439446,1,8.5,0.0,0.5,1.7,0.0,0.3,11.0
925,1,2016-01-29 09:20:31,2016-01-29 09:52:36,1,4.9,-74.00399017333984,40.707344055175774,1,N,-73.98699188232422,40.75084686279297,1,23.5,0.0,0.5,3.0,0.0,0.3,27.3
926,2,2016-01-29 09:20:31,2016-01-29 09:43:14,1,2.01,-73.95314025878906,40.77151870727539,1,N,-73.9787368774414,40.76696014404297,1,14.5,0.0,0.5,3.06,0.0,0.3,18.36
927,2,2016-01-29 09:20:31,2016-01-29 09:25:12,1,0.78,-73.9943618774414,40.678985595703125,1,N,-73.99948120117188,40.6749382019043,1,5.0,0.0,0.5,1.16,0.0,0.3,6.96
928,1,2016-01-29 09:20:32,2016-01-29 10:01:13,4,16.5,-73.97901916503906,40.749629974365234,2,N,-73.77635192871092,40.64522171020508,1,52.0,0.0,0.5,11.65,5.54,0.3,69.99
929,1,2016-01-29 09:20:32,2016-01-29 09:39:31,1,1.3,-73.98763275146483,40.73259735107422,1,N,-74.0076446533203,40.743106842041016,1,12.0,0.0,0.5,1.0,0.0,0.3,13.8
930,2,2016-01-29 09:20:32,2016-01-29 09:29:50,1,1.06,-73.97972869873048,40.74649810791016,1,N,-73.99068450927734,40.73664474487305,1,7.5,0.0,0.5,1.66,0.0,0.3,9.96
931,1,2016-01-29 09:20:33,2016-01-29 09:38:28,1,1.8,-73.98657989501953,40.760475158691406,1,N,-74.00568389892578,40.745071411132805,1,12.5,0.0,0.5,2.65,0.0,0.3,15.95
932,1,2016-01-29 09:20:33,2016-01-29 09:29:15,1,0.9,-73.96562194824217,40.76840972900391,1,N,-73.9520034790039,40.766647338867195,2,7.0,0.0,0.5,0.0,0.0,0.3,7.8
933,1,2016-01-29 09:20:33,2016-01-29 09:25:11,1,0.8,-73.95606231689453,40.772926330566406,1,N,-73.95248413085938,40.780906677246094,1,5.0,0.0,0.5,1.25,0.0,0.3,7.05
934,1,2016-01-29 09:20:33,2016-01-29 09:48:04,1,3.2,-73.98307037353516,40.781494140625,1,N,-73.98776245117188,40.74382019042969,1,18.5,0.0,0.5,2.0,0.0,0.3,21.3
935,2,2016-01-29 09:20:33,2016-01-29 09:59:34,1,4.78,-74.01165008544923,40.71434020996094,1,N,-73.98487091064453,40.760120391845696,1,26.5,0.0,0.5,6.82,0.0,0.3,34.12
936,2,2016-01-29 09:20:33,2016-01-29 09:31:51,1,1.41,-73.98648834228516,40.76219177246094,1,N,-73.9813232421875,40.78070831298828,1,9.0,0.0,0.5,1.96,0.0,0.3,11.76
937,2,2016-01-29 09:20:34,2016-01-29 09:31:15,2,2.32,-73.95680236816406,40.78374862670898,1,N,-73.96086883544923,40.80686950683594,2,10.0,0.0,0.5,0.0,0.0,0.3,10.8
938,2,2016-01-29 09:20:34,2016-01-29 09:29:13,1,1.0,-74.00398254394531,40.75316619873047,1,N,-74.00782775878906,40.740528106689446,1,7.5,0.0,0.5,1.0,0.0,0.3,9.3
939,2,2016-01-29 09:20:34,2016-01-29 09:30:04,1,1.4,-73.97486114501953,40.75868225097656,1,N,-73.96178436279298,40.77608108520508,2,8.0,0.0,0.5,0.0,0.0,0.3,8.8
940,2,2016-01-29 09:20:34,2016-01-29 09:30:33,1,1.42,-73.98998260498048,40.738990783691406,1,N,-74.00576782226561,40.75008010864258,1,8.0,0.0,0.5,1.76,0.0,0.3,10.56
941,2,2016-01-29 09:20:34,2016-01-29 09:30:16,1,1.57,-73.97562408447266,40.757858276367195,1,N,-73.9822998046875,40.774948120117195,1,8.5,0.0,0.5,2.32,0.0,0.3,11.62
942,2,2016-01-29 09:20:34,2016-01-29 09:49:00,1,6.5,-73.97557830810547,40.75511932373047,1,N,-74.01536560058594,40.713226318359375,1,26.0,0.0,0.5,5.36,0.0,0.3,32.16
943,1,2016-01-29 09:20:35,2016-01-29 09:50:51,1,5.2,-73.98878479003906,40.76931381225586,1,N,-74.01516723632812,40.7047233581543,1,23.0,0.0,0.5,3.0,0.0,0.3,26.8
944,1,2016-01-29 09:20:35,2016-01-29 09:42:04,1,3.9,-73.99706268310547,40.762744903564446,1,N,-73.96082305908203,40.77557373046875,1,17.5,0.0,0.5,2.0,0.0,0.3,20.3
945,1,2016-01-29 09:20:35,2016-01-29 09:31:43,1,1.5,-73.9826889038086,40.724224090576165,1,N,-73.99192047119139,40.73776626586913,1,9.0,0.0,0.5,1.96,0.0,0.3,11.76
946,1,2016-01-29 09:20:35,2016-01-29 09:27:09,1,3.0,-73.97532653808595,40.74107360839844,1,N,-73.98992919921875,40.71298599243164,2,10.5,0.0,0.5,0.0,0.0,0.3,11.3
947,1,2016-01-29 09:20:35,2016-01-29 09:35:00,2,1.9,-73.97936248779298,40.78488540649414,1,N,-73.9586181640625,40.77252960205078,1,10.5,0.0,0.5,2.8,0.0,0.3,14.1
948,2,2016-01-29 09:20:35,2016-01-29 09:32:55,6,1.43,-73.99971008300781,40.73331069946289,1,N,-73.98330688476561,40.74309921264648,1,9.5,0.0,0.5,3.09,0.0,0.3,13.39
949,2,2016-01-29 09:20:35,2016-01-29 09:38:25,1,3.51,-73.9908447265625,40.76605987548828,1,N,-73.9588165283203,40.80998611450195,1,14.5,0.0,0.5,3.06,0.0,0.3,18.36
950,1,2016-01-29 09:20:36,2016-01-29 09:30:04,1,0.9,-73.97869873046875,40.747657775878906,1,N,-73.99147033691406,40.74866485595703,1,7.5,0.0,0.5,1.65,0.0,0.3,9.95
951,1,2016-01-29 09:20:36,2016-01-29 09:35:21,1,1.2,-73.98501586914062,40.744590759277344,1,N,-73.96947479248048,40.74925231933594,1,10.5,0.0,0.5,1.0,0.0,0.3,12.3
952,1,2016-01-29 09:20:36,2016-01-29 09:37:39,1,2.2,-73.9783935546875,40.7831916809082,1,N,-73.95459747314453,40.76750564575195,1,12.5,0.0,0.5,2.65,0.0,0.3,15.95
953,2,2016-01-29 09:20:36,2016-01-29 09:29:12,2,0.65,-73.95989990234375,40.773536682128906,1,N,-73.96428680419923,40.76549530029297,2,6.5,0.0,0.5,0.0,0.0,0.3,7.3
954,2,2016-01-29 09:20:36,2016-01-29 09:27:46,1,0.4,-73.97917938232422,40.75038909912109,1,N,-73.98605346679686,40.75325012207031,2,6.0,0.0,0.5,0.0,0.0,0.3,6.8
955,2,2016-01-29 09:20:36,2016-01-29 09:32:44,1,1.79,-73.97975158691406,40.739688873291016,1,N,-74.00025177001953,40.72723007202149,2,9.5,0.0,0.5,0.0,0.0,0.3,10.3
956,2,2016-01-29 09:20:36,2016-01-29 09:29:34,1,1.21,-73.9871368408203,40.7662467956543,1,N,-73.99785614013672,40.751251220703125,2,7.5,0.0,0.5,0.0,0.0,0.3,8.3
957,1,2016-01-29 09:20:37,2016-01-29 09:45:08,1,11.2,-73.972412109375,40.75534057617188,1,N,-73.8652801513672,40.77066421508789,1,33.5,0.0,0.5,10.29,0.0,0.3,44.59
958,1,2016-01-29 09:20:37,2016-01-29 09:27:18,2,0.7,-73.9832763671875,40.73416519165039,1,N,-73.98021697998048,40.74278259277344,1,6.0,0.0,0.5,1.2,0.0,0.3,8.0
959,1,2016-01-29 09:20:37,2016-01-29 09:31:40,1,1.0,-73.997802734375,40.75643539428711,1,N,-73.98695373535155,40.76752471923828,1,8.0,0.0,0.5,1.75,0.0,0.3,10.55
960,2,2016-01-29 09:20:37,2016-01-29 09:32:18,1,0.95,-74.00113677978516,40.727642059326165,1,N,-73.99552154541014,40.73906707763672,1,8.5,0.0,0.5,2.32,0.0,0.3,11.62
961,2,2016-01-29 09:20:37,2016-01-29 09:28:30,1,1.01,-74.00975799560547,40.713409423828125,1,N,-73.99925994873048,40.72509002685546,2,7.0,0.0,0.5,0.0,0.0,0.3,7.8
962,2,2016-01-29 09:20:37,2016-01-29 09:30:22,1,2.14,-73.95345306396483,40.7912483215332,1,N,-73.97727966308595,40.774410247802734,2,9.5,0.0,0.5,0.0,0.0,0.3,10.3
963,2,2016-01-29 09:20:37,2016-01-29 09:29:51,1,0.69,-73.98091125488281,40.75320053100586,1,N,-73.99024200439453,40.7511100769043,2,7.0,0.0,0.5,0.0,0.0,0.3,7.8
964,1,2016-01-29 09:20:38,2016-01-29 09:29:35,1,0.9,-73.96597290039062,40.76521301269531,1,N,-73.97737884521484,40.75814056396485,1,7.0,0.0,0.5,1.55,0.0,0.3,9.35
965,2,2016-01-29 09:20:38,2016-01-29 09:28:39,1,0.65,-74.00457763671875,40.752140045166016,1,N,-73.99449920654298,40.74774169921875,1,6.5,0.0,0.5,1.46,0.0,0.3,8.76
966,2,2016-01-29 09:20:38,2016-01-29 09:57:02,3,3.23,-73.99665069580078,40.75301742553711,1,N,-73.96157836914062,40.76527786254882,2,22.0,0.0,0.5,0.0,0.0,0.3,22.8
967,2,2016-01-29 09:20:38,2016-01-29 09:41:12,1,8.35,-73.95394134521484,40.77473831176758,1,N,-74.01457214355469,40.71407699584961,1,25.0,0.0,0.5,5.16,0.0,0.3,30.96
968,2,2016-01-29 09:20:38,2016-01-29 09:27:37,1,1.04,-73.98796844482422,40.72816848754882,1,N,-73.99709320068358,40.72066116333008,1,6.5,0.0,0.5,1.82,0.0,0.3,9.12
969,1,2016-01-29 09:20:39,2016-01-29 09:26:46,3,1.6,-73.96553802490233,40.795387268066406,1,N,-73.96249389648438,40.81168365478516,1,6.5,0.0,0.5,1.45,0.0,0.3,8.75
970,1,2016-01-29 09:20:39,2016-01-29 09:24:02,2,0.7,-73.95030212402342,40.78366088867188,1,N,-73.95586395263672,40.77794647216797,1,4.5,0.0,0.5,1.55,0.0,0.3,6.85
971,1,2016-01-29 09:20:39,2016-01-29 09:22:42,1,0.2,-73.98340606689453,40.74311447143555,1,N,-73.9789047241211,40.7412109375,2,3.5,0.0,0.5,0.0,0.0,0.3,4.3
972,2,2016-01-29 09:20:39,2016-01-29 09:28:52,1,1.31,-73.99107360839844,40.733543395996094,1,N,-74.00559997558595,40.72673797607422,2,7.0,0.0,0.5,0.0,0.0,0.3,7.8
973,2,2016-01-29 09:20:39,2016-01-29 09:24:58,1,0.48,-73.98197937011719,40.737491607666016,1,N,-73.98360443115233,40.73173141479492,1,4.5,0.0,0.5,1.06,0.0,0.3,6.36
974,2,2016-01-29 09:20:39,2016-01-29 09:37:41,1,2.49,-73.98931121826173,40.75807571411133,1,N,-73.99708557128906,40.72982025146485,2,12.5,0.0,0.5,0.0,0.0,0.3,13.3
975,2,2016-01-29 09:20:39,2016-01-29 09:27:52,1,1.31,-73.95494842529298,40.76936340332031,1,N,-73.94918823242188,40.78448486328125,2,7.0,0.0,0.5,0.0,0.0,0.3,7.8
976,1,2016-01-29 09:20:40,2016-01-29 09:42:14,1,2.3,-74.00487518310547,40.72358322143555,1,N,-73.97822570800781,40.737342834472656,1,14.5,0.0,0.5,3.8,0.0,0.3,19.1
977,1,2016-01-29 09:20:40,2016-01-29 09:36:08,1,0.9,-73.96583557128906,40.754390716552734,1,N,-73.97187805175781,40.76311874389648,1,10.0,0.0,0.5,2.15,0.0,0.3,12.95
978,1,2016-01-29 09:20:40,2016-01-29 09:22:34,1,0.5,-73.96727752685547,40.79351425170898,1,N,-73.97333526611328,40.79275131225586,1,3.5,0.0,0.5,1.0,0.0,0.3,5.3
979,1,2016-01-29 09:20:40,2016-01-29 09:28:00,1,0.6,-73.97908782958984,40.744571685791016,1,N,-73.97489929199217,40.75212478637695,1,6.0,0.0,0.5,1.35,0.0,0.3,8.15
980,1,2016-01-29 09:20:40,2016-01-29 09:26:21,1,0.7,-73.983642578125,40.77033615112305,1,N,-73.97953033447266,40.76265335083008,2,5.5,0.0,0.5,0.0,0.0,0.3,6.3
981,2,2016-01-29 09:20:40,2016-01-29 09:35:00,1,0.64,-74.00959014892578,40.7129020690918,1,N,-74.00408935546875,40.70739364624024,1,9.5,0.0,0.5,0.52,0.0,0.3,10.82
982,2,2016-01-29 09:20:40,2016-01-29 09:34:33,1,1.38,-74.006591796875,40.73162078857422,1,N,-73.99697875976561,40.72528076171875,1,10.0,0.0,0.5,2.16,0.0,0.3,12.96
983,2,2016-01-29 09:20:40,2016-01-29 09:33:21,2,1.21,-73.97057342529298,40.758838653564446,1,N,-73.9822998046875,40.74254989624024,2,9.0,0.0,0.5,0.0,0.0,0.3,9.8
984,1,2016-01-29 09:20:41,2016-01-29 09:27:53,1,0.6,-73.99040985107422,40.75633239746094,1,N,-73.98057556152342,40.75501251220703,1,6.0,0.0,0.5,2.0,0.0,0.3,8.8
985,1,2016-01-29 09:20:41,2016-01-29 09:24:08,1,0.4,-73.96641540527342,40.7732810974121,1,N,-73.96106719970702,40.76987075805664,2,4.5,0.0,0.5,0.0,0.0,0.3,5.3
986,2,2016-01-29 09:20:41,2016-01-29 09:50:29,1,2.83,-73.99408721923827,40.751277923583984,1,N,-73.98468780517578,40.73219299316406,2,18.5,0.0,0.5,0.0,0.0,0.3,19.3
987,2,2016-01-29 09:20:41,2016-01-29 09:55:25,1,3.17,-73.94142913818358,40.79197311401367,1,N,-73.97457885742188,40.76131057739258,1,22.0,0.0,0.5,2.0,0.0,0.3,24.8
988,2,2016-01-29 09:20:41,2016-01-29 09:31:59,4,1.23,-73.98902130126953,40.7581901550293,1,N,-73.97984313964845,40.772808074951165,1,9.0,0.0,0.5,1.96,0.0,0.3,11.76
989,2,2016-01-29 09:20:41,2016-01-29 09:29:53,1,0.93,-73.98773956298828,40.75505828857422,1,N,-73.98209381103516,40.74626159667969,1,7.0,0.0,0.5,1.56,0.0,0.3,9.36
990,2,2016-01-29 09:20:41,2016-01-29 09:44:18,1,4.06,-73.91255950927734,40.74597930908203,1,N,-73.97306060791014,40.75511932373047,1,19.0,0.0,0.5,3.96,0.0,0.3,23.76
991,2,2016-01-29 09:20:41,2016-01-29 09:31:28,2,2.23,-73.97669219970702,40.76537322998047,1,N,-73.95404815673827,40.78736877441406,2,9.5,0.0,0.5,0.0,0.0,0.3,10.3
992,1,2016-01-29 09:20:42,2016-01-29 09:48:29,1,3.7,-73.99625396728516,40.73237991333008,1,N,-73.96719360351561,40.77238082885742,1,19.0,0.0,0.5,3.95,0.0,0.3,23.75
993,1,2016-01-29 09:20:42,2016-01-29 09:37:33,4,0.7,-74.001708984375,40.756206512451165,1,N,-73.99146270751953,40.75532150268555,1,11.0,0.0,0.5,2.35,0.0,0.3,14.15
994,1,2016-01-29 09:20:42,2016-01-29 09:28:50,1,1.1,-73.9521942138672,40.77811050415039,1,N,-73.95420837402342,40.76560974121094,1,7.0,0.0,0.5,1.55,0.0,0.3,9.35
995,1,2016-01-29 09:20:42,2016-01-29 09:36:20,1,1.6,-73.9781951904297,40.773075103759766,1,N,-73.99351501464844,40.761268615722656,1,10.5,0.0,0.5,2.8,0.0,0.3,14.1
996,1,2016-01-29 09:20:42,2016-01-29 09:23:29,1,0.3,-73.96575164794923,40.752735137939446,1,N,-73.96992492675781,40.75471115112305,2,4.0,0.0,0.5,0.0,0.0,0.3,4.8
997,2,2016-01-29 09:20:42,2016-01-29 09:28:33,1,0.88,-74.00237274169923,40.73038101196289,1,N,-73.99162292480467,40.735260009765625,1,6.5,0.0,0.5,1.82,0.0,0.3,9.12
998,2,2016-01-29 09:20:42,2016-01-29 09:41:06,1,2.77,-73.99400329589844,40.75124740600586,1,N,-73.96438598632812,40.77323532104492,2,14.5,0.0,0.5,0.0,0.0,0.3,15.3
999,1,2016-01-29 09:20:43,2016-01-29 09:30:11,1,0.8,-73.97794342041014,40.755569458007805,1,N,-73.9709701538086,40.74828720092773,1,7.0,0.0,0.5,1.0,0.0,0.3,8.8
